description,is_ambiguous,ambiguity_type,rationale
The Bidder will be responsible for provisioning of required IT infrastructure as IaaS & PaaS for hosting NRC Applications,False,0,
The proposed landscape for the deployment of NRC applications are Staging and Production,False,0,
The above environments are to be deployed on the Virtual Private Cloud/Government Community Cloud,False,0,
"The environment of Virtual Private Cloud/Government Community Cloud shall comply with the respective Provisional Empanelment Compliance Requirements published by Ministry of Electronics Information and Technology, Government of India",False,0,
"Each of the environments mentioned above should be logically isolated, i.e., separate from the production environment in a different VLAN than the production environment and setup such that users of the environments are in separate networks",False,0,
"The Bidder shall be responsible for provisioning required compute infrastructure (server/virtual machines), storage for hosting NRC applications",False,0,
"The bidder has to manage and maintain the VM’s including underlying Hardware, Operating systems, antivirus etc for the contract period",False,0,
"The indicative compute requirements for the IT infrastructure is placed at Annexure B, Form V Inbuilt AntiSpam/Malware/Antivirus threats control software.",True,3,Sentence fragments make the intended requirement unclear.
All the equipment’s/Devices in the path have to be in HA mode,True,4,"Undefined acronym ""HA"" obscures the requirement."
The Internet connectivity should be available to the applications as per the SLA requirements stated in Para,True,3,"""as per the SLA requirements stated in Para"" is incomplete."
Additional charges for Data Ingress or Egress will not be paid by NRC/ Department,False,0,
The database server storage has to be provided on high speed disks (SSD’s) for better performance,True,1,"""high speed"" and ""better performance"" are vague qualitative terms."
The bidder has to provide adequate load balancers for High Availability of the Web applications in DC,True,1,"""adequate"" is vague and not quantitatively defined."
"Manage the instances of storage, compute instances, and network environments",False,0,
This includes department-owned & installed operating systems and other system software that are outside of the authorization boundary of the CSP,False,0,
"Service Provider is also responsible for managing specific controls relating to shared touch points within the security authorization boundary, such as establishing customized security control solutions",False,0,
"Examples include, but are not limited to, configuration and patch management, vulnerability scanning, disaster recovery, and protecting data in transit and at rest, host firewall management, managing credentials, identity and access management, and managing network configurations",False,0,
"Provide support to technical team of NRC / Department or nominated agency for Optimization of resources in cloud environment for better performance and also provide physical and virtual access to the technical persons for the resolution of any issue pertaining to the operation, maintenance or rectification to keep the application running without any problem, as authenticated by NRC / Department",True,2,The long clause structure makes the scope of support and access unclear.
The bidder should provide 24*7 Helpdesk & Technical support services,False,0,
This will include system maintenance windows,False,0,
Bidder should provide a 24*7 operated contact number which will be used by NRC / Department or its authorized agency to raise any issues related to the services provided by the bidder,False,0,
CSP should provide training to NRC nominated minimum 3 officials/personnel on usage of the Console and any other technical aspect for monitoring of NRC project.,False,0,
ISO 27001 - Data Center and the cloud services should be certified for the latest version of the standards,False,0,
ISO/IEC 27017:2015-Code of practice for information security controls based on ISO/IEC 27002 for cloud services and Information technology,False,0,
ISO 20000-9-Guidance on the application of ISO/IEC 20000-1 to cloud services,False,0,
"PCI DSS - compliant technology infrastructure for storing, processing, and transmitting credit card information in the cloud – This standard is required if the transactions involve credit card payments",False,0,
"The CSP/Bidder shall comply or meet any security requirements applicable to CSPs/bidders published (or to be published) by Ministry of Electronics Information and Technology (MeitY), Government of India or any standards body setup / recognized by Government of India from time to time and notified to the CSP/Bidder by MeitY as a mandatory standard",False,0,
The CSP/Bidder shall meet all the security requirements indicated in the IT Act 2000 the terms and conditions of the Provisional Empanelment of the Cloud Service Providers and shall comply to the audit criteria defined by STQC,False,0,
The bidder shall submit the respective certificates issued by the authorized agency/persons.,True,5,It is unclear which certificates and which authorized issuers are meant.
CSP / Bidder to conduct vulnerability assessment scanning of the Portal/Website for every 1 hour till the website is LIVE for rendering services,True,1,“every 1 hour” and “till the website is LIVE” create unclear timing.
The CSP/Bidder shall ensure that all the storage blocks or multiple copies of data if any are unallocated or zeroed out by the CSPs so that data cannot be recovered,False,0,
"If due to some regulatory reasons if it is required to securely decommission data, Department can implement data encryption at rest using Departments managed keys, which are not stored in the cloud",False,0,
"Then Department may delete the key used to protect the decommissioned data, making it irrecoverable",False,0,
"The CSP/Bidder shall report forthwith in writing of information security breaches to the Department by unauthorized persons (including unauthorized persons who are employees of any Party) either to gain access to or interfere with the Project's Data, facilities or Confidential Information",False,0,
The CSP undertakes to treat information passed on to them under this Agreement as classified,False,0,
Such Information will not be communicated / published / advertised by the CSP to any person/organization without the express permission of the Department,False,0,
The Bidder shall execute non-disclosure agreements with the Department with respect to this Project,False,0,
"For the avoidance of doubt, it is expressly clarified that the aforesaid provisions shall not apply to the following information",False,0,
information already available in the public domain,False,0,
information which has been developed independently by the Service Provider,False,0,
information which has been received from a third party who had the right to disclose the aforesaid information,False,0,
"The location of the data (text, audio, video, image files, drawing files, GIS files, pdf, and any compressed data and software (including machine images), that are provided to the CSP for processing, storage or hosting by the CSP services in connection with the Department account and any computational results that Department or any end user derives from the foregoing through their use of the CSP’s services) shall be as per the terms and conditions of the Empanelment of the Cloud Service Provider.",True,3,Long nested list makes the required data location unclear.
Department must be able to access and retrieve such data in a CSP environment in a timely fashion for normalwork purposes.,True,1,"""timely fashion"" is a vague qualitative requirement."
The onus shall be on the Cloud Service Provider to perform all due diligence before releasing any such information to any such law enforcement agency.,False,0,
Department shall include the following clauses in the Agreement,False,0,
The Cloud Service Provider’s services offerings shall comply with the audit requirements defined under the terms and conditions of the Provisional Empanelment of the Cloud Service Providers (or STQC /MEITY guidelines as and when published),False,0,
"The Audit, Access and Reporting Requirements should be as per the terms and conditions of the Provisional Empanelment of the Cloud Service Provider",False,0,
"The proposed architecture for the cloud service should be capable of auto scaling without any manual intervention for all the resources including but not limited to vCPU, vRAM, Bandwidth, storage etc",False,0,
The proposed architecture should Auto scale the cloud workload to meet high / unpredictable demands,True,1,high / unpredictable demands is vague and qualitative.
"In this context, provisioning of Load Balancing, amongst others must be an integral part of the proposed architecture / solution",False,0,
"Auto-scaling to be done based on defined rules and parameters e.g., CPU utilization and memory usage",False,0,
Scaling should be done both vertically – by increasing the amount of memory available to each instance – or horizontally – by creating additional instances,False,0,
The Cloud platform should provide a way to track the billing based on utilization and service levels in a Dashboard,False,0,
The architecture should have the inherent feature capability to auto scale the deployed application in the scaled up resources.,False,0,
"View into the performance and availability of the cloud services being used, as well as alerts that are automatically triggered by changes in the health of those services",False,0,
"Event-based alerts, to provide proactive notifications of scheduled activities, such as any changes to the infrastructure powering the cloud resources",False,0,
"System-wide visibility into resource utilization, application performance, and operational health through proactive monitoring (collect and track metrics, collect and monitor log files, and set alarms) of the cloud resources",False,0,
Review of auto-scaling rules and limits,False,0,
Logs of all user activity within an account,False,0,
"The recorded information should include the identity of the API caller, the time of the API call, the source IP address of the API caller, the request parameters, and the response elements returned by the cloud service",False,0,
"This is required to enable security analysis, resource change tracking, and compliance auditing",False,0,
Ability to discover all of the provisioned resources and view the configuration of each,False,0,
"Notifications should be triggered each time a configuration changes, and Department or its nominated Agencies should be given the ability to dig into the configuration history to perform incident analysis",False,0,
"Monitoring of cloud resources with alerts to customers on security configuration gaps such as overly permissive access to certain compute instance ports and storage buckets, minimal use of role segregation using Identity and Access Management (IAM), and weak password policies",False,0,
Automated security assessment service that helps improve the security and compliance of applications deployed on cloud by automatically assessing applications for vulnerabilities or deviations from best practices,False,0,
"After performing an assessment, the tools should produce a detailed list of security findings prioritized by level of severity.",False,0,
It is the prime responsibility of CSP to ensure continuity of service at all times of the Agreement including exit management period (may be one month),True,4,“at all times” and “may be one month” conflict without clear scope.
"However, the elapse of the time shall be excused and in no way any facility/services shall be affected/degraded",True,5,“the elapse of the time” is unclear and obscures the intended requirement.
The responsibilities of Service Provider with respect to Exit Management / Transition-Out services on cloud include,False,0,
Provide necessary handholding and transition support to ensure the continuity and performance of the Services to the complete satisfaction of Department,False,0,
"Support Department in migration of the data, content and any other assets to the existing or new environment created by Department or any Agency (on behalf of Department) or on alternate cloud service provider’s or offerings to enable successful deployment and running of the Department’s applications on the new infrastructure by providing a mechanism to Department for the bulk retrieval of all data, scripts, software, images, and so forth to enable mirroring or copying to Department supplied industry standard media",False,0,
"The format of the data transmitted from the cloud service provider to Department should leverage standard data formats (e.g., OVF, VHD…) whenever possible to ease and enhance portability",False,0,
The format will be finalized by Department,False,0,
"The ownership of the data generated upon usage of the system, at any point of time during the contract or expiry or termination of the contract, shall rest absolutely with Department",False,0,
Ensure that all the documentation required by Department for smooth transition including configuration documents are kept up to date and all such documentation is handed over to Department during regular intervals as well as during the exit management process,False,0,
Shall not delete/ purge any data at the end of the without the express approval of Department,True,3,"Phrase ""at the end of the"" is incomplete and obscures the requirement."
"Once the exit process is completed, remove the Department data, content and other assets from the cloud environment and certify that the VM, Content and data destruction to Department as per stipulations and shall ensure that the data cannot be forensically recovered",True,3,"Sentence is grammatically broken, obscuring the intended destruction requirement."
"In this regard, department may seek an undertaking from the CSP",False,0,
There shall not be any additional cost associated with the Exit / Transitionout process.,False,0,
"The bidder will be responsible for provisioning of requisite network infrastructure (including switches, router, firewalls, and load balancers) to ensure accessibility of the servers as per defined SLA’s",False,0,
The CSP/Bidder facilities/services need to be certified / compliant to the following standards based on the project requirements,True,5,"""based on the project requirements"" leaves the applicable standards scope unclear."
"Electronic discovery (e-discovery) is the process of locating, preserving, collecting, processing, reviewing, and producing Electronically Stored Information (ESI) in the context of or criminal cases/proceedings or investigation",True,3,"Phrase ""in the context of or criminal cases"" is grammatically malformed."
The Law Enforcement Agency as mandated under any law for the time being in force may seek access to information stored on cloud as provided by the Service Provider,False,0,
Department shall ensure that the Cloud Service Provider’s services offerings are audited and certified by STQC/MeitY,False,0,
"The CSP shall implement the audit & compliance features to enable Department or its nominated agency to monitor the provisioned resources, performance, resource utilization, and security compliance",False,0,
Continuity and performance of the Services at all times including the duration of the Agreement and post expiry of the Agreement is a critical requirement of Department,False,0,
"CSP/Bidder to notify the agency promptly in the event of security incidents or intrusions, or requests from foreign government agencies for access to the data, to enable the agency to manage these events proactively",False,0,
The Bank of India intends to implement the following services in proposed private cloud environment for domestic segment which should be further extended on public cloud environment for use of Bank internal department and users,False,0,
The Bank is looking at automating the VM provisioning process considering various scenarios mentioned below,False,0,
"The Bidder & Private Cloud solution OEM has to deliver following use-cases while building the Private Cloud setup for Bank of India in stipulated time frame: VM provisioning at single site, VM provisioning across Multi site as, DC/DR/Public Cloud/Hybrid Cloud, Multiple virtual machines of same configuration across single and multiple sites in single request for High availability",True,3,Sentence is fragmented and the listed use-cases are hard to parse.
All the above workflows should be cloud agnostic,True,1,"""cloud agnostic"" is a vague qualitative term."
"Same Request form should be used for deployment, Single console – Single Form for deployment on any platform",True,3,Unclear whether one form or one console/form is required.
"User should be able to choose combination of OS, Application, T-shirt size and Platform while deploying",True,1,"""T-shirt size"" is vague and not precisely defined."
The Bidder & Private Cloud solution OEM has to ensure there is integration with ITSM Tool (BMC) so that it aligns with Bank of India ITIL process for Infrastructure provisioning,False,0,
Approval workflow should also be enabled within Automation & orchestration tool,False,0,
The proposed Tool should have option for auto approval for standard process as per Bank’s requirements,False,0,
"The Bidder & Private Cloud solution OEM has to ensure all the necessary integration with virtualization layer, network layer, storage layer & backup layer is done and workflows are created accordingly",False,0,
The bidder has to support any customizations done on the automation and orchestration for the defined period of project,True,3,"""defined period of project"" is context-dependent and unspecified."
The Bidder & Private Cloud solution OEM has to ensure availability of lease policy while creating virtual machine to ensure auto deletion of orphan VM happens after stipulated timeframe,False,0,
The VM servers wherever clustering is required for OS level cluster formation the same has to provision to workflow only,True,3,"Unclear what ""provision to workflow only"" means."
The Bank is looking at automating day-2 operations for virtual machines and it should be delivered to users via self-service portal without any manual intervention,False,0,
The Bidder & Private Cloud solution OEM has to deliver following use-case while building the Private Cloud setup for Bank of India in stipulated time frame so that users can request following day-2 operations without any manual intervention,False,0,
"Cloning of VM - make sure new IP address, Hostname and SID is created for the clone automatically",False,0,
"Resizing of VM as, addition/removal of vCPUs, Addition/removal of Memory, Addition/removal of storage",False,0,
The Bidder & Private Cloud solution OEM has to ensure that all the Day 2 operations happen via approval process where ever required,False,0,
The Bidder & Private Cloud solution OEM has to ensure that existing private cloud VM are also on-boarded on new platform and day-2 operations are enabled,False,0,
"The Bidder & Private Cloud solution OEM has to ensure that necessary integration at virtualization, Storage or network layer is done and operations are smooth",False,0,
The Bidder & Private Cloud solution OEM has to ensure that necessary approval process is in place to comply with ITIL framework,False,0,
Bank of India is looking at automating decommissioning process operations for virtual machines and it should be delivered to users via self-service portal without any manual intervention,False,0,
Bidder has to deliver following use-case while building Private Cloud setup for bank of India in stipulated time frame so that user can request decommissioning of VM via selfservice portal without any manual intervention,False,0,
"The Bidder & Private Cloud solution OEM has to ensure when VM is decommissioned relevant entries from network layer like IP, Hostname, DNS are deleted from environment and appropriate update is done in CMDB tool as BMC",False,0,
The Bidder & Private Cloud solution OEM has to ensure an archival period for VMs where the decommissioned VMs can be retrieved in needed without backup software,True,3,"""retrieved in needed"" and archival period are unclear."
Bank of India is looking at automating the process of VM induction ie automating the process of VM creation to security scan in staging area and then promoting to production environment,False,0,
The Bidder & Private Cloud solution OEM has to ensure that entire security process is followed while VM induction,False,0,
"Bank of India is looking to create auto scale of VM for critical application like UPI, MB wherein automated infrastructure components should be added basis the resource crunch",True,1,"""resource crunch"" is vague and undefined."
Provide Generic Auto Scale service for any deployment based on user discretion,True,5,"""based on user discretion"" leaves the requirement unspecified."
"It should consider LB, rules, custom template, threshold",False,0,
The Bidder & Private Cloud solution OEM has to ensure there is auto Scale up/down Provisioned VMs based on predefined cloud monitoring solution metrics,False,0,
Based on pre-defined criteria's will increase/decrease VM CPU/MEM,True,4,"Missing subject and typo in ""criteria's"" obscure meaning."
Based on pre-defined criteria's new VM instance will be created and configured behind LB,False,0,
"Post spike, VM will be scaled down automatically",False,0,
Bank of India is looking at a fast and efficient way to deploy database instances on demand,True,1,"""fast and efficient"" is a vague qualitative performance description."
"The Bidder & Private Cloud solution OEM should provide ready / custom workflow solutions to provision Oracle, MY SQL & Microsoft SQL creation with custom machine name prefixed with initial four letters of particular business group",True,3,"The phrase ""ready / custom workflow solutions"" and creation scope are unclear."
"The Bidder shall be responsible to deliver the database which is properly sized, patched, optimized and free from any bugs and vulnerabilities",False,0,
The Bidder shall be responsible to do regular maintenance of database images to avoid any performance issues,False,0,
All activities related to database administration has to be carried to keep image in optimized state,True,4,"The phrase ""has to be carried"" is ungrammatical and obscures the requirement."
"The service should cover deployments of all version of Oracle (Including Oracle RAC), Microsoft SQL and MYSQL",False,0,
"All runtime environment software (Java, PHP, Docker, Python) which are required to function database as a service should be preinstalled before delivering to end users",False,0,
"DBaaS console must have an option to deploy the DB in a Multi cluster Environment (DC-DR, DC-NDR, DR-NDR etc)",False,0,
Bank of India is looking at providing on demand backup to end-user wherein they can request adhoc backup from self-service portal,False,0,
The Bidder & Private Cloud solution OEM has to ensure there is smooth integration with provided backup solution and users will be able to request on-demand backup,False,0,
Bank of India is looking at providing on demand backup restore to end-user wherein they can request adhoc backup from self-service portal,True,3,"""backup restore"" and ""adhoc backup"" create unclear intended action."
Bank of India is looking to create firewall as a service for users to consume via selfservice portal,False,0,
The Bidder & Private Cloud solution OEM needs to ensure the following functionalities for Bank of India and required integration has to be done with existing firewall of Cloud Security solution & external as well,False,0,
Bank of India is looking to create Load balancer as a service for users to consume via self-service portal,False,0,
"The Bidder & Private Cloud solution OEM has to ensure the following functionalities for Bank of India and required integration with existing LB ie Netscalar, Array, Radware, F5 & one supplied with Cloud Security layer has to be done in stipulated time Bank of India is looking to leverage the existing VAPT tool (Nessus from Tenable) to automate the VAPT process on day zero",True,3,Multiple obligations and unclear attachment of 'one supplied with Cloud Security layer'.
The Bidder & Private Cloud solution OEM to provide capability to integrate with any 3rd party VAPT tools like Nessus,False,0,
The integration should allow VAPT scan trigger on Virtual machines on Day 0,False,0,
Create reports for SCAN and share with admin team over email,False,0,
Bank of India is looking to automate the process of DNS registration of the machines during provisioning process,False,0,
Bidder & Private Cloud solution OEM has to provide the capability to integrate with the Banks DNS to create forward and reverse Records during the provisioning process,False,0,
The Records should also be automatically cleared when the VM is decommissioned,False,0,
Bank of India is looking at a solution to host containers on the new platform; The platform provided should be able to manage the entire lifecycle of the containers,False,0,
Bank of India will be hosting their upcoming Digital application on container platform and requires entire lifecycle to be managed by proposed platform,False,0,
The Bidder & Private Cloud solution OEM has to provide the functionality for enterprise grade Kubernetes feature as per technical specifications of RFP,True,1,'enterprise grade' is a vague qualitative term.
"The bank will procure additional Container license, if required, as per the rate finalized in Part-VI of 6,3 Price Schedule",False,0,
"The Bidder has to ensure the necessary components like image registry, Kubernetes cluster management & monitoring is deployed and necessary Knowledge Transfer is given to Bank of India team",False,0,
The Bidder should have capability to create and manage containers on demand,False,0,
The Bidder should have capability to integrate with various container platforms,True,1,'various container platforms' is vague and unspecified.
The Bidder should be responsible for Completion of creating Container Platform cluster as per configuration given by the Bank,False,0,
"The Bidder should be responsible for Completion of creating Network setup for Services, Pods and Container Platform nodes and integration with Proposed Cloud security layer",False,0,
The Bidder should be responsible for Completion of creating Compute Profile (optional) for Container Platform nodes,False,0,
"The Bidder & Private Cloud solution OEM should be responsible for Completion of updating of As-Built document, if required",False,0,
Bidder & Private Cloud solution OEM must provide the container solution with CSI Files/Object integration,False,0,
"The Bank has planned to go for Hybrid cloud model in future for which private cloud integration with public cloud would be required; In such case, the Bank will ask bidder to create the environment and provision instances on public cloud as per contracted rate",True,3,It is unclear whether future cloud integration is required now or only later.
The Bidder shall be responsible for Creation of Public cloud Account and its activation for use,False,0,
The Bidder shall be responsible for Creation of Admin User under the newly created account and setup Multifactor Authentication,False,0,
The Bidder shall be responsible for Creation of VPC and Subnet as per bank requirement,False,0,
The Bidder shall be responsible to Create IPsec VPN over existing internet link between virtual private cloud and bank private Cloud premises network,False,0,
"The Bidder shall be responsible to Create Public Subnet, Routing group",True,3,It is unclear whether one or both items must be created.
The bidder will attach routing group with public Subnet/private Subnet,True,3,"The attachment target is unclear: public subnet, private subnet, or both."
"The Bidder shall be responsible for creation and launch virtual machines as per client specifications (Size, OS)",False,0,
The Bidder will create cloud-based security group with limited port / IP access to be defined by bank as per CISP and IT policy,False,0,
"The Bidder shall be responsible for Setup of back-up policy for each VM, as per retention policy defined by the bank",False,0,
The Bidder to Configure Transit & NAT Gateway for connectivity of VMs to outside network,False,0,
"The Bidder to Deploy monitoring services: to capture information about the IP traffic going to and from network interfaces in your VPC; For governance, compliance, operational auditing, and risk auditing; To give insights for performance and operational data in form of logs and metrics from a single platform; For threat detection service that continuously monitors your CSP accounts and workloads for malicious activity and delivers detailed security findings for visibility and remediation",False,0,
The Bidder shall be responsible for Creation of Identity and Access Management of users with Multifactor authentication,False,0,
The Bidder shall be responsible for Creation of Key Management Services (KMS) for encrypting data stored in public cloud,False,0,
The Bidder shall be responsible for VM migration including data from On-Premise to cloud region as and when required by the bank,False,0,
The Bidder has to ensure there is single console to manage both the environments ie On-Prem Private Cloud & Public Cloud setup,False,0,
"The Bidder is expected to understand the complete architecture of existing applications and process necessary for smooth migration of applications and databases including interdependencies between applications and data, incase if Bank plans for any application migration on Public Cloud",False,0,
The Bidder will be responsible for migrating the application to cloud and managing the cloud services,False,0,
The Bidder shall be responsible to monitor the cloud services and ensure 99.95 % uptime of all services as per agreement,False,0,
The Bidder shall be responsible for establishing connectivity between BOI’s premises to cloud DC and DR site,False,0,
The Bidder shall be responsible for monitoring and reporting of consumed services,False,0,
The Bidder to provide access to BOI for installation/commissioning and management of Virtual Machines,False,0,
"The Bidder shall provide necessary details including sizing, current loads, utilization, expected growth/demand and other details for scale up/scale down on monthly basis or as and when required by the Bank in close coordination with BOI, in case Bank goes for hosting workload in Public Cloud",False,0,
"BOI, The bidder and Public Cloud Service provider shall jointly workout multi-factor authentication for root account as well as any other privileged identity and access account associated with it",False,0,
"The Bidder shall be responsible for implementation of tools and processes for monitoring the availability of applications, responding to system troubleshooting",False,0,
"The Bidder shall be responsible Monitoring of performance, resource utilization and other events such as failure of services, degradation of services, availability of network, storage, Database systems, OS etc",False,0,
"The Bidder shall be responsible to provide the relevant reports, including real time as well as past data/reports on dashboard",False,0,
"The Bidder shall monitor Internet Links, MPLS -VPN including bandwidth, data transfer and response time and packet loss and perform corrective measures",False,0,
The Bidder will train and transfer the knowledge to the replacement agency or BOI to ensure continuity and performance of services post expiry of Contract,False,0,
The Bidder should be preferably in top two Tiers of partnership with Proposed Cloud Service Provider for cloud services,True,1,“preferably” and “top two Tiers” are vague and undefined.
The bidder should have cloud certified resources as on date of submission of bid on their payroll with the same proposed CSP,False,0,
The Public Cloud Service provider shall not delete any data before without approval of BOI during the period of Contract and will not delete any data after the expiry of Contract without written approval from BOI,True,4,“before without approval” is grammatically broken and unclear.
The Public Cloud Service provider will implement anti-malware and conduct regular vulnerability scanning and penetration testing of systems and infrastructure,False,0,
The Public Cloud Service provider shall have public Services in DMZ zone and High security services in MZ Zone,True,1,“public Services” and “High security services” are vague categories.
The Public Cloud Service Provider shall configure external connections to the hosting infrastructure required for connectivity with Bank Private Cloud,False,0,
The Public cloud Service provider shall be responsible for deployment of Security patches on underlying infrastructure (Bare metal Hardware and it’s dependent Software),False,0,
The Public Cloud Service provider should ensure and meet all standard data formats for data transfer /portability from cloud to BOI machines and vice-versa,False,0,
"The Public Cloud Service provider/Private Cloud solution OEM/Bidder shall demonstrate/Submit documentary proof for POC (Proof of Capability) as part of technical evaluation to understand the key features such as AUTO Scale up/down, Security protocols, management and administration and audit capabilities of offerings etc",False,0,
"The Public Cloud Service provider shall be responsible for security of Facilities, Physical Security of Hardware, Network infrastructure and virtualization Infrastructure",False,0,
"The Public Cloud Service provider shall be responsible for any Risk Management and planning, or issues related to migration of data from DC to DR",False,0,
The Public Cloud Service Provider shall be responsible for managed services of Public Cloud if Bank avails the same during the contract period,False,0,
"The Public Cloud Service provider shall provide necessary technical documentations, design documentations, standard Operating Procedures (SOPs) required for operations and management of services",False,0,
"All risk management related to migration, migration plan shall be jointly worked out with bidder and Cloud Service Provider",True,3,Unclear whether all risk management or only migration plan is jointly worked out.
"After the implementation of exit process, the bidder in coordination with cloud service provider will delete/remove VMs, contents and data with approval of BOI and ensure data cannot be forensically recovered and intimation of compliance thereafter",True,3,Unclear scope of deletion and what counts as compliance intimation.
The Public Cloud Service provider shall permit bank of India right to audit the Cloud Service Provider for compliance with contractual obligations; Such audit be conducted by either the organization’s own staff or by a third party auditor under contract to the Bank,True,3,Unclear who conducts the audit and who is being audited.
"The right to audit should also grant full access to any vendor’s facilities, installations operations, documentation, databases, and personnel used in performance of the service agreement",False,0,
"The Public Cloud Service Provider must execute an NDA (Non-Disclosure agreement) with bank , in case bank decides to migrate application on public cloud, that obligates them to keep confidential the existence and nature of the relationship with Bank",True,3,Unclear what 'them' refers to and when the NDA obligation applies.
"Additionally, the Public Cloud Service provider shall agree not to disclose any confidential data to third-parties, not disclose such data to their employees unless such employees need to have access to the data in order to fulfill the CSP’s obligations under the agreement, and will use the same degree of care and diligence to protect bank information from disclosure to others as vendor employs to protect its own information of similar importance",False,0,
"The Public Cloud Service provider shall be responsible for conduct of DR Drills and follow Standard Operating Procedures (SOP) and inform BOI in advance for such drills conducted twice a year normally, with 15 days’ prior notice",False,0,
"The Public Cloud Service Provider must assure that all systems and subsystems which will process, store or otherwise record protected information as defined and governed by any local, state, or national regulation such as PCI and GDPR , have necessary technical, physical, and procedural safeguards for controlling access to that information in accordance with those regulations",False,0,
"Cloud data center vendors/bidder should submit documents regarding what levels of system (eg, network, storage, memory, I/O, etc) oversubscription they will maintain for the department and under what circumstances/scenarios, also department should be able restrict use of the memory oversubscription capabilities present in the hypervisor for better application performance",True,2,Sentence structure makes the restriction on memory oversubscription unclear.
"Create a common operating environment and foundational elements with abstracted compute, network & security across On-Premises environments and Public Clouds so as to have unified visibility, operations and portability across clouds and should integrate seamlessly with Cloud management platform set up on premise",False,0,
The proposed cloud Service Provider (CSP) must be capable to provide resiliency at an entire site level failure without any change to the application architecture and should able to support zero Recovery Point Objective (RPO) across two Availability Zones,True,3,Unclear whether resiliency and zero RPO are separate or linked requirements.
"The bidder is required to factor all costs, including but not limited to all types of licenses, third party software and related software including middleware, components, sub-components, related modules or anything not explicitly mentioned in RFP, which comes by-default or additional modules of solution (even though which was initially not enabled, but enabled later on (intentionally / unintentionally and attract cost)) or implemented with/without knowledge of bank, required for commissioning, operationalization and functioning of the solution including related infra and complete setup (to be handled by the bidder) and/or meeting SLA terms; during implementation and the entire contract period",False,0,
"All licensing related compliances, issues and its expenses of the entire setup deployed by the vendor to be handled in full, by the bidder, during implementation and the entire contract period",False,0,
Bank will not pay any additional amount apart from the quoted finalized rates with selected bidder,False,0,
"If case, bank is forced to pay any amount due to non-compliance of any licensing terms, bank will deduct/recover the amount from any payable amount due to the selected bidder and invoke Performance Bank Guarantee (if required)",True,3,Unclear whether the bank deducts from any payable amount or also invokes the guarantee.
Bank of India is looking for creation of customized dashboards to be created for Infrastructure team to monitor and troubleshoot the components,False,0,
Bidder has to ensure the required 10 dashboards to be built as per requirement of Bank of India,False,0,
Bidder has to ensure the previous private cloud is integrated and Bank of India has visibility for both the clouds using the proposed tools,False,0,
Bidder has to also ensure that public cloud setup is also monitored through same dashboards,False,0,
Bidder has to provide single pane of glass for monitoring entire infrastructure,False,0,
Dashboards should auto recognize and accommodate change in infrastructure Hardware,False,0,
Dashboards should provide a capacity management view and also provide option to simulate scenarios for capacity planning,False,0,
Dashboards should have Infrastructure monitoring capability,False,0,
Dashboards should provide analytical information for right sizing the infrastructure,False,0,
"The dashboards should be real-time giving point in time information about Health of all the infrastructure components, current and future risks, capacity forecast and alerts",False,0,
"The Dashboards should also provide security hardening reports for industry standards like PCI-DSS, SOX etc",False,0,
The dashboards should be easily being convertible to PDF or EXCEL format and should have capability to be scheduled,False,0,
"The Bidder shall be responsible for design and provisioning of required IT infrastructure, underlying system software and cloud services for deploying and hosting various applications of BOI including DR site",False,0,
The Bank will share the list of applications that needs to be hosted on cloud infrastructure,False,0,
"The Bidder has to gauze the Application workloads criticality, complexity and the network connectivity required",True,4,"Typo in ""gauze"" obscures the intended verb."
"The solution should be capable of enabling automatic Scale in and Scale out, should be agnostic to underlying hardware, storage, network, and operating system and shall allow BOI to add/reduce cloud resources on demand basis through a user-friendly dashboard",False,0,
The solution needs to provide the ability for IT Administrators to automatically provision the services via a Web Portal (Self Provisioning),False,0,
"The Bidder will be responsible for adequately sizing the necessary compute, memory, and storage etc, building the redundancy into the architecture to meet the below cluster sizing and Service Level requirements mentioned in the RFP",True,1,"""adequately sizing"" is vague and not precisely defined."
The management components should be hosted in redundancy and high availability in separate cluster named as ‘management cluster’,True,4,"Awkward phrasing ""hosted in redundancy"" obscures meaning."
The Bidders needs to quote for 2 sites (DC and DR),False,0,
All Server Configuration for Clusters to be standardized on 32 cores 2 socket (64 cores) and with minimum 64 GB RAM (Physical memory) for each module,False,0,
"The sizing (CPU, RAM, Storage) should be done so as resource utilization (CPU, RAM, storage, network throughput) should not exceed 70% utilization of any components during the contract period",False,0,
The disks offered for HCI node should be size 7.68 TB SSD Drive with 6Gbps-SAS interface or better technology for above mentioned clusters highlighted in Table-1 & Table2,False,0,
"The cloud architecture should be capable of running diverse applications like web applications, databases, big data solution, AI/ML oriented applications etc with adequate provision of application level isolation",True,1,"""adequate provision"" is vague and qualitative."
"The Bidder shall integrate cloud infra with existing BMC ITAM, ITSM and ITOM for measuring the service levels, performance and utilization of applications, servers, storage and network etc; The said tool will also be used for generating periodic reports on utilization of resources as per SLA",False,0,
Any other integration which will be required to support operation and regulatory requirement,True,5,"""Any other integration"" depends on unstated operational context."
It is envisaged that Private cloud will be accessed through BOI LAN as well as over internet by BOI users and external entities,False,0,
BOI Private Cloud infrastructure will also have internet/API connectivity to other trusted organizations,False,0,
The bidder shall be responsible for delivering the aforementioned requirements,False,0,
"Bidders are expected to build a self-resilient architecture, especially management layer should be in High Availability that requires minimal monitoring and support",True,1,“High Availability” and “minimal monitoring and support” are vague qualitative terms.
Bidders should adopt suitable automation tools so as to optimize the number of resources deployed on site,True,1,“Suitable” and “optimize” are vague and admit multiple interpretations.
The Bidder should provide adequate support for Cloud Infrastructure Management both at Primary Data Centre and DR site to meet the stipulated SLA,True,1,“Adequate support” is a vague qualitative requirement.
It is expected that System Integrator will factor in back to back support to ensure speedy turnaround time in case of system failure,True,1,“Back to back support” and “speedy turnaround time” are vague.
"Prior to bidding, the bidder should study the infrastructure requirements including but not limited to power requirement, cooling requirement, internet bandwidth requirement etc and same should be taken into consideration before bidding",False,0,
"The bidder will migrate the application from existing On-Prem Private Cloud to off-site new private cloud without any disruption ie zero downtime, no reboot and no cutover",False,0,
The architecture to be proposed considering the migration requirement,False,0,
Bank of India has been using BMC remedy as their central CMDB tool and it is single source of truth,False,0,
The Bidder has to ensure that there is integration done between proposed automation and orchestration tool with BMC remedy so that records are Add/remove/modify automatically as per actions from users,False,0,
"Defining blueprint and workflow as per the bank requirement, which can be integrated with Cisco ACI/proposed Cloud Security solution and leveraged for hybrid cloud deployment",False,0,
The bidder/OEM has to conduct a technical design architecture workshop to discuss an overall architecture design approach and options for the implementation of required Clusters at DC & DR site,False,0,
"The bidder and OEM will work with the Customer to define the use cases involved as a part of this Project, as well as to ensure that the Customer’s specific requirements are validated and updated accordingly",False,0,
"In line to Scope, the implementation & validation shall be done by OEM for stack of Hypervisor, Software defined Storage, Private Cloud Solution, Cloud Security and Backup Solution",False,0,
"The Architecture designed proposed in this RFP for Hypervisor, SDS, Private Cloud, Cloud Security and Backup Solution should be validated by OEM and OEM clearance report stating that solutions are implemented as per the best practice should be submitted to the bank",False,0,
The bidder shall do implementation for remaining components and should have back to back arrangement with OEM for support for the same,False,0,
"However, the bidder shall devise Implementation Plan with OEM Implementation methodology duly signed by OEM and Bidder",True,3,Unclear whether OEM methodology must be signed by both parties or only attached.
The OEM shall not subcontract the design and implementation services to any third party,False,0,
"The OEM engineers designing, deploying and implementing shall have to be on the payroll of the software OEM",False,0,
"The bidder shall provide complete services for the solutions under the scope including installation, implementation, integration, management, maintenance, support, audit compliance and knowledge transfer",False,0,
"The solution shall include all components and subcomponents like software licenses, accessories and the bidder at no extra cost to the Bank should supply other components (required for commissioning of the solution as a part of RFP)",True,3,Unclear whether the bidder is a component to supply or an added clause.
"The bidder shall ensure that during various phases of implementation, the performance, security, network availability, etc of the existing network setup must not be compromised",False,0,
"The bidder should ensure compliance with various standards such as ISO 27001:2013, PCI DSS, ISO 22301, COBIT5 or higher standards etc",True,1,"""or higher standards"" is vague and lacks a clear benchmark."
"The bidder shall replace and upgrade the out-of-support, out-of-service, End-of-Life (EOL) and End of Support (EOS) undersized infrastructure elements as soon as the respective OEM announced the same at no additional cost to the bank throughout the 5 years of contract period",False,0,
The bidder shall carry out such Replacement & up gradation of components (Appliance & Software) before due date,False,0,
"Failure to replace within three months of intimation by Bank will be treated as violation of SLA, Bank will procure the new solution as same, and cost will be deducted from payables/ payments as penalty or by invoking performance guarantee",False,0,
"During the period of the contract, all upgrades/updates or requirements in hardware, software, licensing, implementation of upgrades/patches/version changes etc, due to whatsoever reason including but not limited to EOL or EOS, shall be done by the bidder within stipulated time but not later than one month without any additional cost to the bank",False,0,
"EOS/EOL solution will not be accepted and if any solution is declared EOS/EOL during the period of contract, the bidder shall do the necessary upgrade as stated above",False,0,
"The bidder shall inform to the bank if any new version/update/service pack/upgrade of the proposed solution is released by OEM, within seven (7) days of such release and provide the upgraded solution within one month of such release without any cost to the bank covering all parts, labour and accessories at the respective locations (DC and DR) of the Bank during the period of the contract",False,0,
"The bidder shall follow all respective technical/statutory guidelines, validations, SCD should be implemented, checked & verified, and related reports including SOP, SCD, Software Integrity Certificate and VAPT Clearance must be submitted, duly certified by OEM to the Bank for sign off the successful installation",True,3,"Unclear what ""SCD"" refers to and how clauses relate."
"The patches (critical / non-critical) as and when released by OEM, for the proposed solution/ servers/OS , to be tested first in test environment, and thereafter deployed, installed and configured by bidder’s team at bank’s site, as per Bank's requirement during the contract period without any additional cost to Bank",False,0,
"Post installation of Solution with its components including OS, VA & PT (Vulnerability Assessment & Penetration Testing) shall be conducted and Bank Info Sec Team will provide a report to the vendor",True,3,Unclear whether post-installation testing or report delivery is required.
"All findings/issues pointed out in the report to be complied/fixed before production of the software (All components ie Database, application)",True,3,Unclear who must comply with findings and what 'production' modifies.
The InfoSec Team and Other statutory authorities conduct review/ audit of the solutions time to time,True,2,Unclear whether reviews are periodic or only occasional 'time to time'.
"All such Audit reports including VAPT Reports to be compiled/attended by bidder/OEM within the timelines, during the entire period of contract also conduct periodic review audit of the database and application",True,3,Multiple clauses create unclear obligations and scope for audit handling.
The bidder shall adhere to the Service Level Agreements (SLA) and regular monitoring and reporting it to the bank,True,3,Unclear whether 'monitoring and reporting it' modifies SLA adherence or regular monitoring.
"The solutions should be scalable, designed and deployed throughout the IT infrastructure of the Bank and its subsidiaries",True,1,The term 'scalable' is vague and admits multiple interpretations.
"The solution deployment should be compliant with Bank's CISP, IT and Cyber policies, internal guidelines, regulatory standards and countrywide regulations and laws from time to time",False,0,
"The bidder must provide detailed architecture of the provided solution/ every module along with installation and administration guide, which must include high-level design (HLD), and Low Level Design (LLD), Rack level deployment plan along with Technical bid",False,0,
"The URLs of the management server/software of proposed solution should be accessible on HTTPS/TLS 1,2 or latest Protocol with valid certificate",True,4,"The protocol phrase 'TLS 1,2 or latest' is malformed and unclear."
The bidder shall do regular backup of the solutions as per the defined Bank’s backup policy,False,0,
The configuration as per the technical and other specifications for offered solution and other component must be operational / functional and installed from day one,False,0,
Deployment of solution requires coordination with different service provider has/ project application vendors,True,4,The phrase 'has/ project application vendors' is grammatically corrupted.
The bidder shall coordinate with the all solution providers/ vendors while installing and ensure installation and commissioning for running the application,False,0,
"The bidder shall confirm the integrity of the software supplied ie the software is free from bugs, malware, covert channels in code etc and Integrity certificate should be submitted to the bank as per the related format",False,0,
"The proposed solution shall have the ability to freely change forms, fields, workflows, escalations and authorization structures and reports according to bank requirements/processes without affecting the future tool updates and integration with other /third party Solutions",True,1,The phrase 'freely change' and 'without affecting' are vague.
"The successful bidder shall ensure Infra and Service management of operating system and other software/utility/application; This will include patching, mitigation of VA/PT points and any other risk, updates, etc",True,1,"“patching, mitigation of VA/PT points” is vague and unclear."
"The expert team of the Original Equipment Manufacturers (OEM) shall be deputed onsite until complete installation, execution and signing of the project",False,0,
The bidder/OEM shall ensure necessary engagement and deputation of skilled professionals for the smooth implementation up to sign off of the Project,False,0,
"A solution shall not be a ""point of failure"" in the flow of network traffic; failure of one or more of the solution components should not affect the functionality of the organizational network",False,0,
"All the industry standard protocols for functioning, detection of risks, mitigation should be supported and complied by the respective solution",True,3,“supported and complied by” creates unclear obligation scope.
"Solution shall have centralized architecture with web or Graphical User Interface (GUI) based dashboard console to monitor, reporting, notification, maintaining and policy push for the registered users centrally; This should be a single console for service management, infra management and configuration management",True,3,The dashboard console clause has unclear attachment and scope.
The bidder shall prepare the SOPs (Standard Operating Procedures) with periodical review as per industry practices and regulatory guidelines,False,0,
The drafted SOPs shall be submitted to the Bank for its review and Approval,False,0,
"The bidder shall be responsible for patching of Bank managed servers, all desktops connected in Bank network as per frequency of patches released by product OEM",False,0,
Presently the bank has outsourced the management of existing private cloud environment to third party service provider for which contract is valid till May 2024,False,0,
"After expiry of current contract, the bidder has to provide end to end facility management services for existing Private Cloud environment till the contract period",False,0,
The Bank may also decide to assign the Facility management of existing private cloud environment before expiry of current contract,False,0,
In such case bidder has to take over operation of existing private cloud environment from existing service provider for better monitoring and management of both environments,True,1,“for better monitoring and management of both environments” is unclear.
"The Bank will procure additional FMS support engineer if required, for same at the rate finalized in the rate contract",True,3,“for same” has an unclear referent.
The existing Private Cloud environment consists of Cisco UCS hardware which are virtualized using ESXI layer and all components are managed through Cloud layer,False,0,
The Software and Hardware inventory of cloud environment is mentioned as under,False,0,
"The bidder shall be responsible for monitoring, maintenance and management of above mentioned Hardware & Software components and any other components which is deployed in existing Private Cloud environment",False,0,
The SLA terms laid out in this RFP shall be applicable for existing environment also and same will be considered at the time of releasing the FMS payment,False,0,
The detailed inventory of existing Cloud environment will be shared with selected shortlisted bidder,False,0,
The AMC of above Infra will be taken care by the Bank,False,0,
"The bidder is required to deliver, install and commissioned the proposed infrastructure for implementation of private cloud solution at new DC co-located site",False,0,
The Bank has recently deployed Cisco ACI solution for micro segmentation purpose,False,0,
The bidder may also propose to use the solution for delivering cloud security functionality laid out in Part-5 (technical specification) of RFP,False,0,
The bidders are required to implement Virtualized environment on HyperConverged Infrastructure (Software defined Storage) in RRB division as per the clusters sizing mentioned in Table 2,False,0,
"All the necessary LAN cables (min CAT6) & Fibre cables (min OM5), SAS cables of appropriate type, Power cables (C13/C14, C19/C20 or any other type) are to be provided by the service provider & internal cabling, uplink cabling, labelling and dressing has to be completed by the service provider.",False,0,
ICBA is standardizing the hosting of its applications and needs to be supported by a Public Cloud platform that is able to provide the required Infrastructure as a Service (IaaS),False,0,
The required components need to be deployable without code changes and must be supported by the related OEMs,False,0,
ICBA requires the public cloud platform to support Windows and Linux based operating systems based on x86 based infrastructure,False,0,
"The Public Cloud platform must provide an option for ICBA to select between: non-shared single tenant virtual infrastructure built on an existing managed hypervisor, dedicated physical resources that are not shared and specific to ICBA, a combination of the above two in a single connected environment",False,0,
"The provided platform must specify how it is availing the best performance, resources and security options for the ICBA workloads",True,1,"""best performance, resources and security options"" is vague."
"The Public Cloud platform must include in the offer enterprise level support that is available 24x7, including tickets, live chat, online references and phone calls",False,0,
The hypervisor used on the public cloud must include,False,0,
ability to provision and de-provision virtual servers,False,0,
ability to provide High Availability and clustering of physical resources that are virtualized for hypervisor use,False,0,
ability to extend the hypervisor to have native Site Recovery capability across different datacenters in case of Disaster or Data center failures,False,0,
ability to extend the hypervisor to support Software Defined Networking including NFV ICBA requires the ability to easily and seamlessly migrate virtualized resources to/from the Public Cloud,True,3,Sentence merges two requirements; scope of 'including NFV ICBA' is unclear.
Virtualized resources are currently based on VMware platform,False,0,
ICBA also requires that ability to migrate existing physical servers to the public cloud platform with a simple migration path providing an option to either use a suitably provided hypervisor or direct to a bare metal server,True,3,The phrase 'suitably provided hypervisor' is unclear and underspecified.
ICBA requires the ability to provide storage and backup replication across data centers,False,0,
The Public Cloud must provide resiliency options to allow the running of servers and workloads with minimal downtime or no data loss,False,0,
"Resiliency is needed across the provided infrastructure including but not limited to compute, networking and storage resources along with public cloud datacenter (location) resiliency and connectivity to off cloud locations",False,0,
The Public cloud must be able to provide the following options,False,0,
Support for 1GB to 5GB of daily data transfer to the Public Cloud,False,0,
The solution needs to provide suitable connectivity options along with required bandwidth to support the expected data transfer load,True,1,'Suitable' and 'required bandwidth' are vague qualitative terms.
any system or data access to/from the cloud infrastructure must be provided used secured nonpublic options such as encrypted VPN tunnels,True,4,Grammatical error 'provided used' obscures the intended requirement.
ICBA should be able to control access level using firewall rules between,True,3,"Sentence is incomplete; ""between"" leaves the access scope unclear."
resources hosted within the Cloud infrastructure,False,0,
resources hosted between External resources and the Cloud Infrastructure,True,3,"""between External resources and the Cloud Infrastructure"" is an unclear relationship."
Suitable firewall/policies configuration options need to be exposed to ICBA cloud admins,True,1,"""Suitable"" and ""configuration options"" are vague and underspecified."
Load Balancing capabilities must be provided,False,0,
"Public Cloud must provide unlimited, unmetered data transfer capability between all the cloud’s datacenters and unlimited, unmetered upload data capacity",False,0,
The solution must clearly provide all the requirements needed to support the solution including any networking requirements needed for client access or to integrate the Public Cloud with the local datacenter,False,0,
Any capacity and bandwidth requirements need to be clearly stated based on the provided details,False,0,
"Storage to include Block, Object and File storage types",False,0,
Storage based on Performance or Endurance options built in where applicable,True,1,"""Performance or Endurance options"" is vague without defined criteria."
RAID groups for disk redundancy support on bare metal and dedicated resources,False,0,
"Disk Types – SAS, SATA, SSD",False,0,
"IOPS with different tiers including 0.25, 2 or 4 IOPS/GB which must remain consistent with use of the storage allocated",False,0,
The minimum required storage capacity requirements,False,0,
Total block storage for servers – 10 TB with high IOPS,True,1,"""high IOPS"" is a vague qualitative performance term."
Total backup storage – 10 TB with low IOPS,True,1,“low IOPS” is a vague qualitative performance term.
The Public Cloud platform must provide a suitable solution for periodic backups of the servers hosted in the cloud,True,1,“suitable solution” is vague and underspecified.
This support should include common industry tools for backup solutions such as R1Soft or Evault,False,0,
The public cloud must support the backup and recovery of virtualized servers such as servers running on Vmware vsphere or Hyper V as well as dedicated bare metal servers,False,0,
The Public Cloud platform must provide the facility to monitor servers hosted in the Cloud using enterprise level monitoring tools,False,0,
The requirement is limited to infrastructure monitoring to provide visibility of resource and server availability,False,0,
"Where VMware or virtual servers are used, they must support the ability to be monitoring by VMware vSphere with Operations Management (vSOM)",True,4,“be monitoring by” is ungrammatical and obscures the requirement.
Monitoring tools must provide an option to extend to monitoring servers across different data centers (public and private) using the same unified interface,False,0,
The Public Cloud must support the automated provisioning of servers for the operating systems required along with the following options,False,0,
"Ability to select Control panel software such as cPanel, Plesk Panel or Parallels Plesk Panel",False,0,
Ability to provision resources using a self-service interface and covering the following,False,0,
Non-shared single tenant virtual infrastructure,False,0,
Bare Metal Servers that provide the maximum performance and security,True,1,“maximum performance and security” is vague and qualitative.
"Support VMware or Hyper-V platforms (vSphere, VSOM, VRA, vCenter or MS System Center with minimum enterprise plus licenses)",True,4,The acronym “VSOM” is undefined and obscures meaning.
"The Public Cloud must provide at least the following computing capacity: Total CPU – 22 cores, Total Memory – 256 GB",False,0,
The platform must provide the option for ICBA to decide on the ratio of physical to virtual resource overcommitment on both CPU and RAM,True,3,Unclear whether ICBA chooses the ratio or the platform sets it.
The cloud must be able to optimize the overall utilization of the hardware by dynamically allocating resources based on predefined workload policy or based on real-time capacity demand,False,0,
"The platform needs to provide the capability to scale up or down server resources on virtual, dedicated and bare metal servers without minimal commitments for the year",True,1,"""without minimal commitments"" is vague and unclear."
The Public Cloud must provide a facility to do maintenance and upgrades with minimal downtime,False,0,
The Public Cloud platform should have a technical capability to smoothly transfer workloads and servers to/from the cloud infrastructure,False,0,
"This should cover movement of workloads from external locations, transfer of workloads from the Cloud to external sources as well as transfers within the cloud data centres",False,0,
The Public Cloud should provide a role based administration interface,False,0,
"The Public cloud platform must support industry security standards and ensure data, resources and users are protected across the provided environment",False,0,
"Environment and data must include encryption of data, secured data transfer, firewalls and gateways protecting any connected endpoints on both the public cloud and the private datacenters",False,0,
Any devices required on the private datacenter must be clearly stated as part of the proposal,False,0,
"During the infrastructure migration, bidder shall provide knowledge transfer of the data migration process and tools, operational aspect of the cloud environment",True,3,Unclear what knowledge transfer must cover exactly.
Training should be provided to the IT personnel for the new administration and cloud features.,False,0,
"IBM wishes to engage a CSP for providing Cloud Services for a period of 3 years, which may be reviewed for extension on the completion of third year at the discretion of IBM for hosting MTS applications",False,0,
The Bidder will be responsible for provisioning of required IT infrastructure as IaaS for hosting MTS application,False,0,
"The proposed landscape for the deployment of MTS solution is a: Staging, Production, Disaster Recovery",False,0,
"The Bidder shall be responsible for provisioning required compute infrastructure (server/virtual machines), storage for hosting MTS applications",False,0,
The indicative compute requirements for the IT infrastructure is placed at Annexure C,False,0,
Inbuilt Anti-Spam/Malware/Antivirus threats control software,False,0,
"The Bidder shall be responsible for provisioning of adequate Internet Bandwidth and connectivity at the DC & DR, including termination devices, for end users to access MTS application",True,1,“adequate” bandwidth is vague and lacks a clear quantitative meaning.
"The Bidder will be responsible for provisioning of requisite network infrastructure (including switches, routers and firewalls) to ensure accessibility of the servers as per defined SLA’s",False,0,
The Bidder shall offer DR as a service for all resources offered on primary DC site,False,0,
The Bidder shall be responsible for provisioning of bandwidth for replication of data between the DC site and DR Site,False,0,
Geographical Location of the Disaster Recovery Environment shall be different location from the Data Center environment or at a different place other than the Primary DC based on the project requirements,True,3,The location requirement is internally unclear about which alternative placement is intended.
The infrastructure provisioned by the Bidder must be scalable and shall allow IBM to add/reduce cloud resources on demand basis through an user-friendly dashboard,True,1,“scalable” and “on demand basis” are vague qualitative requirements.
"The solution needs to provide the ability for IBM IT Administrators to automatically provision the services via a Web Portal (Self Provisioning), provide metering and billing to provide service assurance for maintenance & operations activities",True,3,"The clause mixes self-provisioning, metering, billing, and service assurance with unclear scope."
"Detailed user level or user group level auditing, monitoring, metering, accounting, quota and show-back information is essential the cloud platform to be offered",False,0,
"Compliance process to the defined international standards and security guidelines such as ISO 27001, for maintaining operations of cloud and ensuring privacy of IBM data",False,0,
A change release management and configuration management procedure is defined and implemented to process any change to the cloud environment / services,False,0,
This procedure must include the capability to support the transition between the aforementioned environments prior to production deployment,False,0,
"Provide support to technical team of IBM or nominated agency for Optimization of resources in cloud environment for better performance and also provide physical and virtual access to the technical persons for the resolution of any issue pertaining to the operation, maintenance or rectification to keep the application running without any problem, as authenticated by IBM",True,1,“better performance” and “without any problem” are vague qualitative terms.
The bidder should provide 24*7 Helpdesk support,False,0,
CSP should provide training to IBM nominated officials/personnel on usage of the Console and any other technical aspect for monitoring of MTS project,False,0,
"Each environment wise, an Indicative bill of material is provided in the Annexure C",False,0,
"The CSP/Bidder facilities/services need to be certified / compliant to the following standards based on the project requirements: ISO 27001 - Data Center and the cloud services should be certified for the latest version of the standards, ISO/IEC 27017:2015-Code of practice for information security controls based on ISO/IEC 27002 for cloud services and Information technology, ISO 27018 - Code of practice for protection of personally identifiable information (PII) in public clouds, ISO 20000-9-Guidance on the application of ISO/IEC 20000-1 to cloud services, PCI DSS - compliant technology infrastructure for storing, processing, and transmitting credit card information in the cloud – This standard is required if the transactions involve credit card payments",False,0,
The CSP/Bidder shall meet all the security requirements indicated in the IT Act 2000 the terms and conditions of the Provisional Empanelment of the Cloud Service Providers and shall comply to the audit criteria defined by Privacy and Security Safeguards,False,0,
"CSP/Bidder to ensure that the data is encrypted as part of a standard security process for highly sensitive content or choose the right cryptographic algorithms evaluating security, performance, and compliance requirements specific to their application and may choose from multiple key management options",True,1,"Vague phrase ""choose the right cryptographic algorithms"" lacks a clear standard."
The Bidder shall ensure that all the storage blocks or multiple copies of data if any are unallocated or zeroed out by the CSPs so that data cannot be recovered,False,0,
"If due to some regulatory reasons if it is required to securely decommission data, departments can implement data encryption at rest using departments managed keys, which are not stored in the cloud",True,3,"The opening condition ""If due to some regulatory reasons"" is unclear."
"Then customers may delete the key used to protect the decommissioned data, making it irrecoverable",False,0,
"The CSP/Bidder shall report forthwith in writing of information security breaches to the IBM by unauthorized persons (including unauthorized persons who are employees of any Party) either to gain access to or interfere with the Project's Data, facilities or Confidential Information",True,2,"The phrase ""report forthwith in writing of"" has unclear grammatical attachment."
Such Information will not be communicated / published / advertised by the CSP to any person/organization without the express permission of the IBM,False,0,
The Bidder shall execute non-disclosure agreements with the IBM with respect to MTS Project,False,0,
"For the avoidance of doubt, it is expressly clarified that the aforesaid provisions shall not apply to the following information: information already available in the public domain; information which has been developed independently by the Service Provider; information which has been received from a third party who had the right to disclose the aforesaid information; Information which has been disclosed to the public pursuant to a court order",False,0,
The Subcontractors will be permitted to obtain customer data only to deliver the services the bidder has retained them to provide and will be prohibited from using customer data for any other purpose,False,0,
The bidder remains responsible for its subcontractors’ compliance with bidder’s obligations under the Project,False,0,
"Nature of replication between the DC and DRC (e.g., asynchronous replication of data between Primary DC and DRDC)",True,1,“Nature of replication” and the DC/DRC abbreviations are unclear.
RPO should be less than or equal to <<2 hours>> and RTO shall be less than or equal to <<4 hours>>,False,0,
The key transaction data shall have <<RPO of 15 minutes>>,False,0,
DR Database Storage shall be replicated on an ongoing basis and shall be available in full (100% of the PDC) as per designed RTO/RPO and replication strategy,True,3,“full (100% of the PDC)” and “as per designed RTO/RPO” conflict in scope.
The storage should be 100% of the capacity of the Primary Data Center,False,0,
"In the event of a site failover or switchover, DR site will take over the active role, and all requests will be routed through that site",False,0,
"Application data and application states will be replicated between data centers so that when an outage occurs, failover to the surviving data center can be accomplished within the specified RTO",False,0,
"E-Discovery: Electronic discovery (e-discovery) is the process of locating, preserving, collecting, processing, reviewing, and producing Electronically Stored Information (ESI) in the context of or criminal cases/proceedings or investigation",True,4,“criminal cases/proceedings or investigation” is grammatically unclear.
IBM must be able to access and retrieve such data in a CSP environment in a timely fashion for normal work purposes,True,1,“timely fashion” and “normal work purposes” are vague.
Law Enforcement Request: The Law Enforcement Agency as mandated under any law for the time being in force may seek access to information stored on cloud as provided by the Service Provider,False,0,
The onus shall be on the Cloud Service Provider to perform all due diligence before releasing any such information to any such law enforcement agency,False,0,
Audit: IBM shall ensure that the Cloud Service Provider’s services offerings are audited and certified by STQC/MeitY,True,3,It is unclear whether IBM or the provider must obtain the audit and certification.
"The CSP shall implement the audit & compliance features to enable the Agency to monitor the provisioned resources, performance, resource utilization, and security compliance",False,0,
"Notifications should be triggered each time a configuration changes, and Agencies should be given the ability to dig into the configuration history to perform incident analysis",False,0,
"After performing an assessment, the tools should produce a detailed list of security findings prioritized by level of severity",False,0,
Continuity and performance of the Services at all times including the duration of the Agreement and post expiry of the Agreement is a critical requirement of IBM,True,1,“continuity and performance” and “at all times” are vague qualitative requirements.
It is the prime responsibility of CSP to ensure continuity of service at all times of the Agreement including exit management period and in no way any facility/service shall be affected/degraded,True,1,“continuity of service” and “affected/degraded” are vague and open-ended.
Provide necessary handholding and transition support to ensure the continuity and performance of the Services to the complete satisfaction of IBM,True,1,“necessary handholding” and “complete satisfaction” are subjective and undefined.
"Support IBM in migration of the VMs, data, content and any other assets to the new environment created by IBM or any Agency (on behalf of IBM) on alternate cloud service provider’s offerings to enable successful deployment and running of the IBM’s solution on the new infrastructure by providing a mechanism to IBM for the bulk retrieval of all data, scripts, software, virtual machine images, and so forth to enable mirroring or copying to IBM supplied industry standard media",False,0,
"The format of the data transmitted from the cloud service provider to IBM should leverage standard data formats (e.g., OVF, VHD) whenever possible to ease and enhance portability",True,1,“whenever possible” makes the standard format requirement vague.
"The ownership of the data generated upon usage of the system, at any point of time during the contract or expiry or termination of the contract, shall rest absolutely with IBM",False,0,
Ensure that all the documentation required by IBM for smooth transition including configuration documents are kept up to date and all such documentation is handed over to IBM during regular intervals as well as during the exit management process,False,0,
Shall not delete any data at the end of the agreement (for a maximum of 45 days beyond the expiry of the Agreement) without the express approval of IBM,False,0,
"Once the exit process is completed, remove the IBM’s data, content and other assets from the cloud environment and certify that the VM, Content and data destruction to IBM as per stipulations and shall ensure that the data cannot be forensically recovered",True,3,"The clause “certify that the VM, Content and data destruction” is logically unclear."
There shall not be any additional cost associated with the Exit / Transition-out process.,False,0,
Architecture should be highly flexible to support incremental upgrades in functionality across various services and functions delivered by the system,True,1,“highly flexible” is a vague qualitative requirement.
It should be able to accommodate changing business environment within DGS,True,1,“changing business environment” is vague and unspecified.
Architecture should have highly modular design to enable addition / modification / suspension of new modules and functionalities; Bidder shall propose Service Oriented Architecture (SOA) while designing the solution,True,3,The semicolon joins two requirements with unclear scope and relation.
SOA defines integration architectures based on the concept of a service which becomes relevant especially when there are multiple applications in an enterprise and point-to-point integration between them involves complexity,False,0,
"When multiple applications are involved, services shall be able to communicate with each other by implementation of SOA through web services where the services are exposed for other applications",False,0,
The system should be highly accessible and available through various devices across multiple locations,True,1,“highly accessible” and “available” are vague qualitative terms.
The principle of architecture should ensure keeping data loss to a minimum,True,1,“principle of architecture” and “to a minimum” are vague.
The architecture should be cloud ready and should support interoperability through cloud platforms,True,1,“cloud ready” is vague and admits multiple interpretations.
"The proposed solution should ensure business continuity using RTO, RPO, and SLA as goals",False,0,
Each input should be formed as a unique case in the system,True,1,“formed as a unique case” is vague and unclear.
There should be no single point of failure in the system,False,0,
Bidder has to maintain principle of first time-right data capture,True,5,“principle of first time-right data capture” is unclear without context.
System should provide for maker-checker functionality for all data inputs,False,0,
System should allow multiple levels of checkers and approvals which may be configured within the system,False,0,
Forms should provide client side validation of inputs,False,0,
All transactions and user activity being carried out within the system should be logged along with timestamp and client machine details in a format such they are searchable and allow for post-mortem analysis as required,False,0,
These should be recorded for future purpose for a defined period,True,5,“These” and “future purpose” lack clear referents and scope.
"In case of any judicial proceedings, the records should be maintained as long as the proceedings",True,3,“as long as the proceedings” is incomplete and unclear.
The system must be reliable against software failures,True,1,“reliable” is a vague qualitative requirement.
"Integrity, confidentiality and availability of data must be assured",False,0,
System should provide for seamless integration with various internal and external systems through required interfaces,True,1,“seamless integration” and “required interfaces” are vague.
"Unique identity of the user should be maintained across the system with single-sign-on facility, that would avoid the need for user to log into multiple times on same system",False,0,
This facility should be implemented without bypassing any security principles,False,0,
The underlying technology needs to be user friendly by having ease of use principle,True,1,“user friendly” and “ease of use principle” are vague.
Ease-of-use is a positive incentive for use of applications,True,1,“positive incentive” is vague and subjective.
It encourages users to work within the integrated information environment instead of developing isolated systems to accomplish the task outside of the enterprise’s integrated information environment,False,0,
The knowledge required to operate one system will be similar to others if the look and feel of the applications are similar,False,0,
"By having ease of-use principle, training can be kept to a minimum thereby aiding IT change management and the risk of using a system improperly can be minimized",True,1,“ease of-use principle” and “kept to a minimum” are vague.
Training can be kept frequently thereby aiding IT change management and the risk of using a system improperly can be minimized,True,1,“kept frequently” is vague and unquantified.
Vendor lock-in should be avoided,False,0,
The bidder should document all the integration efforts of the proposed solution,False,0,
API based approach: Open standard based APIs will support data exchange mechanisms between third party systems,False,0,
Interoperability: The system is expected to be interoperable,True,1,“interoperable” is vague without a defined standard.
This is the key to sharing resources and reduction in long-term development costs,False,0,
"N – Tier Model: N-Tier model is the framework in which application user interface, logic, data, and their associated processing and tiers are separated from each other in logical manner",False,0,
"Partitioned code is more flexible in response to changes in internal logic, platforms, and structures; this isolates/minimizes the impact of change",True,1,“isolates/minimizes” and “flexible” are vague qualitative terms.
"It is easier to support, is more scalable and supports interoperability",True,1,“easier” and “more scalable” are vague qualitative terms.
"Openness: Open API, open standards and open source products should be considered for designing the system",False,0,
"The system integrator should consider scalability, security and performance of the system while deciding on the system and adherence to the open architecture design principle",False,0,
Reliability: The system must have appropriate measures to ensure processing reliability for the data received or accessed through the solution,True,1,“appropriate measures” and “reliability” are vague.
Shipping related operations are critical in nature and require reliability to ensure stakeholder confidence,True,1,“critical in nature” and “reliability” are vague.
"The bidder should follow security principles such as “Defence in Depth with Zero trust mechanism”, a multi-layer defence mechanism, so that an attacker must defeat multiple mechanisms to perform a successful attack",False,0,
Zero Trust is a security concept centred on the belief that organizations should not automatically trust anything inside or outside its perimeters and instead must verify anything and everything trying to connect to its systems before granting access,False,0,
"Bidder must ensure the cloud enabled security architecture model to facilitate effective incident response resolution, forensic investigation during incident analysis with best practices like real time internal network defence, etc",False,0,
"Bidder must be aware of threat and its mitigation for the application which include spoofing, tempering, repudiation, information disclosure, denied of service and elevation of privilege along with OWASP (Open Web Application Security Project) testing guidelines",False,0,
"Bidder has to ensure hypervisor architecture security concern like virtual machine guest hardening, hypervisor security, inter VM attack blind spot, operation complexity from VM spawn, virtual machine encryption, VM data destruction, VM image tampering",False,0,
"The system should be compliant to CERT-In, and MeiTY guidelines for Web / Application / Network Security",False,0,
"It should provide log in, both by user and by terminal",True,3,“log in” could mean authentication or logging information.
"The System should provide the date and time of all transaction with details of creation, read, update, delete or print",False,0,
"Access should be restricted at different levels of data file, program, module, screen, record, field database table, row or column",False,0,
All the Applications and Infra changes have to be by secure SMLC (Security Management Life Cycle) and Change Management principle driven respectively,True,5,Unclear what 'by secure SMLC' and 'principle driven respectively' require.
The bidder should follow the principle of “least privilege”,False,0,
Each user and program should operate using the fewest privileges possible,False,0,
"This principle limits the damage from an accident, error, or attack",False,0,
"It also reduces the number of potential interactions among privileged programs, so unintentional, unwanted, or improper uses of privilege are less likely to occur",False,0,
This idea can be extended to the internals of a program: only the smallest portion of the program which needs those privileges should have them,False,0,
The bidder will have to design its solution utilizing similar industry recognized security principles,True,2,"""similar industry recognized security principles"" is syntactically unclear."
All IT and IS operations will be governed by the IT and IS Policy which will be provided to the successful bidder,False,0,
The bidder will have to prepare detailed procedures for the same and implement accordingly,True,5,"""for the same"" lacks a clear antecedent."
All project documentation should be prepared by the bidder as per the policy and related regulations,False,0,
The privacy of data must be ensured by the bidder at all times,False,0,
The bidder must ensure that data sharing is done as per the policy,False,0,
"Bidder has to adopt technical, physical and administrative measure in order to protect personal data from loss, misuse or alteration based on global best practices for privacy and security such as OECD, APAC, IT act, Indian act compliance, CSA security guidance, ISO 27001, ISO 27002, ISO 27017 and ITIL standards",False,0,
The system must follow a role-based access control at all levels,False,0,
"The bidder should implement logical access control based on policy prepared by Purchaser for application, subsystem, or group of systems",False,0,
All the access logs need to be captured and monitored,False,0,
Application Access should follow Multi Factor Authentication,False,0,
All databases and data stores must be encrypted,False,0,
Safeguard data while at rest and in transit,False,0,
Identify and classify the data in terms of criticality / sensitivity and define their levels,False,0,
"Bidder has to ensure data security life cycle as a principle in securing data while creating, storing, sharing, archiving or destroy",True,5,“data security life cycle” and “as a principle” are unclear.
Bidder has to ensure database protection with database activity monitoring and file activity monitoring,False,0,
Bidder shall get the Vulnerability Assessment (VA) and Penetration Testing (PT) as security audit conducted by CERT-In empanelled agency before deployment/ Go-Live of project,False,0,
The cost of which should be borne by the bidder,True,3,“which” lacks a clear antecedent.
"Security in design would encompass security risk assessment on user specifications, secure information architecture, proper role based access design and secure application and database design",False,0,
The bidder has to ensure that their Application Development must follow secured SDLC process development and deployment by taking OWASP Top 10 and SANS top 25 into consideration,False,0,
"Similarly, Application maintenance should follow secured SMLC",False,0,
The system must be secure at all user touch points by using suitable security protocols and data protection methods Industry best practices for coding of application so as to ensure sustenance to the Application Vulnerability Assessment,True,3,The sentence is a run-on with unclear structure and scope.
"All types of network attacks must be identified, and counter measures must be put in place",False,0,
"All the ICT assets (virtual and physical) and non-digital Assets must also be secured throughout their life cycle as they may contain sensitive data with hardening, Asset disposal, data disposal principles",True,3,The final phrase has unclear attachment and meaning.
The Network layer must have in depth packet inspection and intelligence in blocking attacks,True,1,"""in depth"" and ""intelligence"" are vague qualitative terms."
The bidder should provision for DDOS Free Bandwidth as a part of its solution,True,1,"""DDOS Free Bandwidth"" is an unclear qualitative phrase."
The proposed MPLS should be a private and dedicated network,False,0,
"For areas where Physical access controls have been implemented by the bidder as a part of the Scope of Work, the controls should address not only the area containing system hardware, but also locations of wiring used to connect elements of the system, supporting services (such as electric power), backup media, and any other elements required for the system's operation",False,0,
"The bidder should review the effectiveness of physical access controls in each area, both during normal business hours and at other times, particularly when an area may be unoccupied",False,0,
Audit trails and Audit logging mechanism to be built in the system to ensure that user action can be established and investigations (if any) can be aided,False,0,
Data should be visible to authorize entity only,True,4,"""authorize entity"" is undefined and unclear."
Data alterations etc through unauthorized channel should be prevented,True,4,"""unauthorized channel"" is undefined and unclear."
Appropriate authentication mechanism adhering to industry best practices regarding Password Policies etc,True,1,"""appropriate"" and ""best practices"" are vague."
"The bidder will ensure that the critical data stores are minimized, and stored data has to be encrypted at all times",False,0,
The bidder has to ensure that access to data is given through application layer (via an application) at all times,False,0,
"As a part of Service delivery process, the bidder has to ensure segregation of services and segregation of duties",False,0,
"For operations phase security activities such as performing backups, holding training classes, managing cryptographic keys, keeping up with user administration and access privileges, and updating security software are some examples that must be done by the bidder",False,0,
VPN and VLNS should be the principle of operations for remote access and isolation of internal traffic,True,4,"""principle of operations"" is unclear wording."
Web facing application should be deployed in DMZ (Demilitarized) zone and the Database Server should be deployed in the secured zone while deploying the application on cloud,False,0,
"Service provider must adopt metrics to measure risk management performance, as Cyber security information exchange framework, security content automation protocol etc",True,3,Unclear whether examples define required metrics or merely reference frameworks.
The bidder to propose for a temporary alternate workplace for operations Centre and Application management arrangement to manage the operations of the project in an event of loss of location in an event of a disaster,True,2,The clause structure makes the required alternate workplace arrangement unclear.
Monthly / Periodic reporting on security breaches and attempts plus the action taken to thwart the same and providing the same to DGS,True,2,It is unclear whether reporting or providing the report to DGS is required.
Any public procurement for cyber security products should adhere MeitY Public Procurement (Preference to Make in India) Order 2019 guidelines,False,0,
Performing periodic review of security configurations for inconsistencies and redundancies against security policy,False,0,
The bidder should embed a security incident response plan within the Business continuity and disaster recovery plan to response in an efficient and effective manner in case of a disaster,True,2,"The phrase ""to response"" creates an unclear grammatical relation and intent."
"The management of system shall be SLA based, through automated SLA monitoring system",False,0,
SLA management will take place via Enterprise Management System (EMS) which will provide system generated reports on level of compliance/non-compliance against defined SLA parameters,False,0,
"System should have a Security Information and Event Management (SIEM) solution that provides end-to-end, comprehensive, modular and integrated management of IT Security components to maximize the availability of application services and SLA performance",False,0,
IT Infrastructure and Application Management shall follow all processes as per to ISO 20000/ ITIL standards,False,0,
"This includes Asset Management, Vendor Management Configuration Management, Incident Management, Performance Management and Capacity Management",False,0,
Management to have minimal overhead on the system,True,1,"""Minimal overhead"" is a vague, qualitative performance requirement."
Management of ICT should be automated,False,0,
System should track all the assets in use or acquired for use in real time,False,0,
Real-time status of the system should be always available,True,1,"""Always available"" is a vague availability requirement."
Real time reporting to help management and administrators to take quick decisions,True,1,“Real time” and “quick decisions” are vague qualitative terms.
Application Security Management should intelligently perform root-cause analysis to rapidly bring the system back to normal working conditions,True,1,"“Intelligently” and “rapidly” are vague, subjective qualifiers."
The system should be upgradeable without affecting the production,False,0,
It should be possible to proactively manage all software and system hardware components maintenance and licenses throughout their life cycle,False,0,
The system should be built from best of breed components with no obsolescence and with futuristic designs,True,1,“best of breed” and “futuristic designs” are vague qualitative phrases.
The technology adopted should be periodically refreshed to achieve significant improvements in TCO,True,1,“periodically refreshed” and “significant improvements” are vague.
All the system components must follow open standards and open-source technologies,False,0,
All application deployed should be OS platform agnostic,True,5,“OS platform agnostic” is unclear without context.
Interoperability of servers from different vendors is required at all levels,False,0,
"Scalability, manageability to handle huge data volumes",True,1,“Scalability” and “huge data volumes” are vague.
Efficient Resource Utilization by separation of Compute and Storage resources and by distribution of load among all sites,True,1,“Efficient Resource Utilization” is a vague qualitative requirement.
The bidder shall be responsible for minimum impact to business operations continuity Maximum availability of services to users,True,3,The sentence has conflicting obligations and missing punctuation.
Bidder shall procure all required infrastructure as required for functioning of the solution,False,0,
IT infrastructure deployed should be dedicated for the project and bidder shall not be used for any other purpose,True,3,“bidder shall not be used” is grammatically unclear.
The ownership of IT infrastructure procured within DGS premises shall get transferred to DGS after “Acceptance and Go Live and Stabilization”,True,3,The quoted phrase is malformed and obscures the transfer condition.
Bidder shall ensure warranties/ASCs/AMCs are procured for all the IT components for entire duration of the project,False,0,
For all components the support from OEM to be obtained for prescribed components,False,0,
There would be a mechanism to verify these details on annual basis or as required by DGS,False,0,
Bidder shall warrant that the infrastructure procured for Project shall have no defects arising from design or workmanship or any act or omission,False,0,
The warranty shall remain valid for period of five years from the date of “Go-Live” of the Solution,False,0,
Bidder shall provide the warranty for IT Infrastructure (Software & hardware) supplied for Project for a period of five years from the Go-Live on all the items supplied as per the contract,False,0,
Bidder shall replace any parts/components of the IT Infrastructure supplied for project if the components are defective and during the entire warranty period bidder shall apply all the latest upgrades/patches/releases for the software after appropriate testing,False,0,
"Indicative specifications of the IT infrastructure are detailed in Volume I along with workload details, the bidder is expected to carry out independent assessment of IT infrastructure and design and size the solution to meet the project functional requirements and Service Level Agreements (SLAs)",False,0,
Any additions/modifications which must be done in order meet the SLA and operational requirements will have to be borne by the bidder,False,0,
The solution being deployed is expected to be hosted and running at following key physical infrastructure facilities,False,0,
"Data Centre, this will be cloud based primary site for hosting the central system supporting the entire solution, this will include live production, testing and development environments",False,0,
Disaster Recovery Site: This will be a fully functional cloud-based disaster recovery center which will be used in case of disaster,False,0,
DGS office locations across India: Location list has been attached under section 5 of this document,False,0,
Solution is expected to support DGS users working out of these locations,False,0,
The responsibility shall include setting-up the IT infrastructure,False,0,
"Bidder shall also provide staff, technical and supervisory, in sufficient numbers to operate and manage the functioning of DC and DR at desired service levels",True,1,“sufficient numbers” and “desired service levels” are vague.
Multi factor authentication mechanism should be in place for users connecting from outside the DGS network,False,0,
The bidder must perform an independent assessment of the infrastructure requirements for proposed system and provide a detailed BOM for the proposed infrastructure in line with the requirements of the project and performance on service level agreements,True,1,“performance on service level agreements” is vague and unclear.
The quantities in detailed BOM after assessment may vary from the Indicative Bill of material in RFP,False,0,
"DGS reserves the right to add, delete, or modify the quantities in BOM basis the requirement during the assessment",False,0,
DGS shall review and approve the BOM of the successful bidder at the time of implementation/deployment/commissioning,False,0,
It is clarified that the BOM approved by DGS shall in no case be a lower version than the one proposed by the bidder in its technical proposal submitted to DGS and the same shall be scaled up / upgraded by the bidder as per the requirement for performance on the service levels at no additional cost to the DGS,False,0,
Bidder shall host the entire application centrally at the data centre,False,0,
"Performance, the system shall provide fast and steady response times (Quality of Service)",True,1,“fast and steady response times” is qualitative and vague.
"The speed and efficiency of the system shall not be affected with growing volumes, especially during search operations, reporting, MIS, online processes and batch processes",True,1,“speed and efficiency” and “growing volumes” are vague.
"Availability, all components shall provide adequate redundancy with no single point of failure to ensure high availability",True,1,“adequate redundancy” and “high availability” are vague.
The systems shall be designed for 24x7 operations and meet all SLA requirements,False,0,
"Designing for availability assumes that the systems will fail, and therefore the systems must be configured to recover from component or server failures with minimum application outage",False,0,
"Version Control and Management, the system shall have versioning features to track, document and process revisions made in the system",False,0,
"The cloud hosting shall include the following: All compute infrastructure like web servers (VMs), application servers (VMs), database servers (VMs), Software Licenses (Database, Application, VPN Clients, etc), Cloud based data storage, Backup Solution (including VMs and software), Networking components like high availability switches, routers, firewalls, Load Balancing components, Any other components required for functioning of the solution",False,0,
Bidder to provide primary and secondary connectivity for each site,False,0,
Bidder shall carry out DR drill minimum once every year or as per DGS’s policy,False,0,
"The bidder will be responsible for all the technology, infrastructure at these sites over the period of the contract",False,0,
"The bidder will be required to procure, commission the required IT infrastructure as presented in Volume I of RFP",False,0,
The proposed applications shall be centrally hosted at these sites and access provided as online service to users,False,0,
All data should be replicated between DC and DRC,False,0,
There shall be no data inconsistencies issues with either data centre sites,False,0,
The expected RTO from the proposed design would be 2 hours and RPO to be 15 min,False,0,
The bidder is encouraged to propose a solution that will minimize the data loss,False,0,
PDC and DRC shall operate in active -passive mode,False,0,
The connectivity between both sites should ensure the replication works seamless with minimal data loss,True,1,“seamless” and “minimal data loss” are vague qualitative terms.
Replication should ensure that there are no data inconsistencies on both application as well as storage level,False,0,
"In event of disaster, DRC should be brought up as primary site within the defined timelines",False,0,
The applications infrastructure provisioned in DRC shall be capable to handle minimum 50% load at any point in time,False,0,
Storage at DRC should be 100% of the PDC at any point in time,False,0,
The infrastructure by the bidder must be designed to avoid a “single point of failure” with redundant components to eliminate system outage,False,0,
"The proposed infrastructure should have high availability, there should be no disruption in services on account of routine maintenance procedures, troubleshooting, loading hardware and software revisions, patches, etc",True,1,“high availability” is a vague qualitative term.
Services shall be available with at least 99.5% availability on the infrastructure,False,0,
Application should be hosted on Enterprise class server and storage system,False,0,
Network Infrastructure and security infrastructure should be complaint with technology and security principles as mentioned later in this tender,True,4,“complaint” appears to be a typo for compliant.
"Bidder shall carry out a detailed assessment of the LAN, WAN and Internet leased line networking requirements considering sufficient redundancy of the proposed system with respect to the scope of work",False,0,
The redundant internet connectivity (same bandwidth in the case of primary connectivity) would also need to be provided by the bidder / Internet Service Provider,False,0,
Bidder also needs to estimate and provide the internet (active and redundant) bandwidth requirements for system portals to be hosted at PDC for the expected portal users,False,0,
Field offices and select DGS officials will access the systems for accessing the services,False,0,
Such access would be as depicted in the network overview,False,0,
"Officials, as authorized by DGS, shall be allowed to access the systems or its components including databases, subject to such rights & privileges as DGS may decide from time to time for the purpose of testing, audit, certification, review, inspection etc",False,0,
CSP should be empanelled under MeitY’s “Provisional Empanelment of Cloud Service Offerings of Cloud Service providers (CSPs)” and successfully complete STQC Audit,False,0,
Meet any security requirements published (or to be published) by MeitY or any standards body setup / recognized by Government of India from time to time and notified to the CSP by MeitY as a mandatory standard,False,0,
Meet the ever evolving security requirements as specified by CERT-In,True,1,“ever evolving” is vague and non-quantifiable.
The CSP data center facilities considered for cloud services should be located within India,False,0,
The Data Center should conform to at least Tier III standard (preferably certified under TIA 942 or Uptime Institute certifications by a 3rd party) and implement tool-based processes based on ITIL standards,False,0,
The primary DC and the disaster recovery site should be in different seismic zones within India,False,0,
The Data Center should be certified for the latest version of ISO 27001:2018 and provide service assurance and effectiveness of Management compliant with SSAE 16 / ISAE 3402 standards,False,0,
"The cloud services should provide scalable, redundant, dynamic compute and storage",True,1,"""scalable"" and ""dynamic"" are vague qualitative requirements."
Service shall provide users with the ability to procure and use compute and storage capabilities remotely over the SSL with multi factor authentication,False,0,
Perform an Image backup of Customer VM Image information or support the ability to take an existing running instance or a copy of an instance and import / export the instance into a MeitY-approved image format,True,3,It is unclear whether backup or import/export is required.
Configuration and Management of the Virtual Machine shall be enabled via a web browser over the SSL VPN clients only as against the public internet,True,3,"""over the SSL VPN clients only"" has unclear scope and attachment."
"CSP shall ensure that VMs receive OS/Database/Middleware/Application/VM patching, upgrade, update, health checking, Systematic Attack Detection and backup functions",False,0,
"Monitor VM up/down status and resource utilization such as RAM, CPU, Disk, IOPS and network",False,0,
"The purchaser retains ownership of all virtual machines, templates, clones, and scripts/applications created for the organization’s application",False,0,
The purchaser retains the right to request full copies of these virtual machines at any time,False,0,
The purchaser retains ownership of loaded business solutions / bespoke software installed on the VMs,False,0,
Support a secure administration interface - such as SSL/TLS or SSH - for the purchasing organization’s designated personnel to remotely administer their virtual instance,True,1,"""such as SSL/TLS or SSH"" is an open-ended example list."
"Provide the capability to dynamically allocate virtual machines based on load, with no service interruption Provide the capability to copy or clone virtual machines for archiving, troubleshooting, and testing",False,0,
The CSP should provide tools and mechanism to the purchaser or its appointed agency for defining their backup requirements & policy,False,0,
"The CSP should provide tools and mechanism to the purchaser or its appointed agency for configuring, scheduling, performing and managing backups and restore activities (when required) of all the data including but not limited to files, folders, images, system state, databases and enterprise applications in an encrypted manner as per the defined policy",False,0,
Transfer data back in-house either on demand or in case of contract or order termination for any reason,False,0,
CSP shall not delete any data at the end of the agreement (for a maximum of 45 days beyond the expiry of the Agreement) without the express approval of the purchaser,False,0,
Provide capability to perform live migrations (ability to move running VM’s) from one host to another,False,0,
Provide support to all Application Programming Interfaces (APIs) including REST API that CSP develops/provides,False,0,
"CSP should offer fine-grained access controls including role based access control, use of SSL certificates, or authentication with a multi-factor authentication",True,1,“fine-grained” and the access-control examples are vague and overlapping.
"Cloud service should support auditing with features such as what request was made, the source IP address from which the request was made, who made the request, when it was made, and so on",False,0,
Purchasing organization should be permitted to bring and upload additional properly licensed non-operating system software for operation in cloud as required for the Purchasing organization solution for use within the Services by installing it directly on a VM,False,0,
"CPU, RAM, Disk, Storage, etc of virtual machine should scale automatically whenever there is spike in load to deliver application availability even during spike in load",True,1,“spike in load” and “availability” are vague qualitative terms.
"Provide facility to configure virtual machine of required vCPU, RAM and Disk",False,0,
"CSP to design the solution for different types of disks like SAS, SSD, etc based on the application performance / SLA requirements considering the volume growth",False,0,
CSP is responsible for Disaster Recovery Services to ensure continuity of operations in the event of failure of primary data center of the purchasing organization and meet the RPO and RTO requirements,False,0,
The CSP should offer dashboard to monitor RPO and RTO of cloud infrastructure and systems,False,0,
The Bidder (in consultation with CSP) shall clearly define the procedure for announcing DR based on the proposed DR solution,False,0,
The Bidder / CSP shall also clearly specify the situations in which disaster shall be announced along with the implications of disaster and the time frame required for migrating to DR,False,0,
The Bidder / CSP shall plan all the activities to be carried out during the Disaster Recovery Drill and issue a notice to the purchaser at least two weeks before such drill,False,0,
The Bidder / CSP should offer switchover and switchback of individual applications instead of entire system,False,0,
Any lag and/or loss in data replication should be reflected in terms of the business requirements in terms of the defined RTO and RPO impact,False,0,
Support replication of data between primary and DR cloud environment,False,0,
Allow replication of data between cloud and on premise sites,False,0,
"When the purchaser or Bidder /CSP (with prior approval of the purchaser) scales down the infrastructure services, Bidder / CSP is responsible for deleting or otherwise securing purchaser’s content/data prior to VM deletion and in case deleted, shall ensure that the data cannot be forensically recovered",False,0,
"Provide a secure, dual factor method of remote access which allows the purchaser’s designated personnel (privileged users) the ability to perform duties on the hosted infrastructure",False,0,
Upgrade and periodically replace hardware without financial impact to the purchaser,False,0,
All the data within it shall be immediately deleted/destroyed and certify the VM and data destruction to the purchaser as per stipulations and shall ensure that the data cannot be forensically recovered,False,0,
"Bidder / CSP to perform patch management appropriate to the scope of their control including: Alerts on the upcoming patches via email and management portal, and ability to defer or reject patches before they are applied in the next patch cycle, Patch approved VMs on the next available patch management change window, Application of automated OS security patches, unless deferred or rejected by purchaser or designated agency, Send regular approval reminders to purchaser or authorized agency designated email address five (5) days prior to patch cut-off dates, Bidder / CSP should undertake OS level vulnerability management – all OS images created within the cloud platform are regularly patched with the latest security updates",False,0,
"Provide the artifacts, security policies and procedures demonstrating its compliance with the Security Assessment and Authorization requirements as described in Security Requirements in this RFP",False,0,
"Monitor availability of the servers, CSP -supplied operating system & system software, and CSP’s network The Bidder / CSP is fully responsible for tech refreshes, patch management and other operations of infrastructure with regards to the cloud environment (DC and DR)",True,3,Two requirements are merged without clear separation or scope.
"Investigate outages, perform appropriate corrective action to restore the hardware, operating system, and related tools",False,0,
CSP should manage CSP provisioned infrastructure including VMs as per the ITIL or equivalent industry standards,False,0,
Comply with technology refresh requirements as mandated by CERT-IN and MeitY,False,0,
Software within the CSP’s scope will never be more than one version behind unless deferred or rejected by MeitY / Purchaser / Purchaser’s authorized agency,True,4,"Unclear whether ""more than one version behind"" is measured against current or approved versions."
Provide service level management reports (as per the service levels agreed in the Service Level Agreement between the purchaser and the CSP),False,0,
Description of major outages (including description of root-cause and fix) resulting in greater than 1-hour of unscheduled downtime within a month,False,0,
Monthly and quarterly utilization reports (peak and average volumetric details),False,0,
"CSP should provide a portal for the purchaser (administration role) which should provide data related to: Utilization reports (with threshold limits defined by the user), SLA reports, Cloud service usage, Helpdesk and tickets, User profile management",False,0,
The Bidder should set the baseline threshold limits for cloud infra utilization,False,0,
"In the event of cloud infra utilization breaching the baseline threshold limits, the CSP is required to notify the purchaser and Bidder with adequate justifications for increasing baseline capacity",True,1,"""adequate justifications"" is vague and lacks a clear standard."
The entire hosting should be from a Single location for all Data Centre equipment with perimeter and physical security,True,4,"""Single location"" and ""perimeter and physical security"" leave the hosting scope unclear."
The Data Centre Site should be located in India only,False,0,
Bidder to ensure scalability of the DC cloud environment considering the future growth for next 5 -7 years,True,1,"""scalability"" and ""future growth"" are vague qualitative requirements."
Installation and commissioning of Servers as per solution requirement,False,0,
Installation and provisioning of Storage and backup as per solution requirement,False,0,
Installation and commissioning of Software (OS/VM/backup software) along with relevant and requisite patches but not limited to,True,3,"""but not limited to"" makes the scope of required patches unclear."
Installation and commissioning of requisite Clusters for High Availability,False,0,
Installation and commissioning of Network and Security equipment for providing secured network environment,False,0,
Liaison with Network Bandwidth Service Provider for Link provisioning and commissioning,False,0,
The entire hosting for all Disaster Recovery equipment should be from a Single location with perimeter and physical security,False,0,
The Disaster Recovery Site should be in India and at a different seismic zone from Data Centre Site,False,0,
Bidder to ensure scalability of the DR cloud environment considering the future growth for next 5 -7 years,True,1,“scalability” and “future growth” are vague qualitative terms.
"All the VM, OS, DB, Middleware, application, etc version should be identical at DC and DR.",False,0,
"The Solution should be able to abstract compute, network, and storage resources for the application and user self-service regardless of server, network and storage hardware",False,0,
"Proposed solution should support broad choice of open source application platforms, languages, databases and frameworks including but not limited to Java J2EE, R, Python, DB2, Visual Studio etc",False,0,
"Proposed solution should support containers, including Dockers and/or other containerization platforms",True,5,“Dockers” and “other containerization platforms” leave the intended platform scope unclear.
"Solution should provide automation and orchestration solution for automated delivery of IaaS services so that when VM/app is created it should automatically get the required virtualized compute, storage, switching, routing, firewall, load balancing services without any manual intervention",False,0,
Bidder should offer cloud services in high availability and redundant manner to avoid single point of failure at any point of time,True,1,“high availability” and “redundant manner” are vague qualitative requirements.
Bidder should provide auto scaling support for all compute instances (without any manual intervention) during peak demand as well as normal workloads to maintain stable performance of applications,True,1,“auto scaling” and “stable performance” are vague qualitative terms.
Bidder should have capability to Provision the Compute Instance on the fly (without reboot) through Console within 15 minutes,False,0,
"The solution shall allow authorized administrators, developers or business users to request new IT services and manage specific cloud and IT resources, while ensuring compliance with business policies",False,0,
RESTful API: Provide a comprehensive set of Cloud REST APIs,False,0,
"These APIs enable developers to automate the provisioning and management of cloud resources, including servers, network, and administration and reporting quickly and efficiently using scripts",False,0,
"The Solution should enforce password policies (complex password, change password in some days etc)",True,1,“some days” is vague and “etc” leaves the policy scope unclear.
"The Solution should be able to monitor key performance characteristics of the virtual resource including but not limited to OS, Memory, Storage, Network etc",False,0,
"The Solution should monitor all the critical operating system level services and should check for their status like running, not running, paused",False,0,
The solution should provide orchestration layer to have automated disaster recovery,False,0,
The recovery plan should be granular enough to enable individual VM level recovery at the DR site,True,1,“granular enough” is vague and not objectively measurable.
Rack Server shall have latest generation Processors,True,1,“latest generation” is vague and depends on context.
Latest chipset compatible with the offered processors,True,1,“Latest chipset” is vague and context-dependent.
Internal Storage As applicable to install Hypervisor,True,5,“As applicable” leaves the requirement scope unclear.
"Memory should have at least 24 DIMM slots per server and support up to 1,5TB of DDR4 memory or equivalent",False,0,
Server should have 2 x Dual port 10 Gig SFP+ Card (25 Gig SFP+ card preferred),True,5,The preferred card creates unclear requirement priority.
Server should have 2 x Single port 16 Gbps FC HBA or equivalent,False,0,
"Minimum 4 PCIe Generation 3,0 slots or as applicable",True,5,“or as applicable” makes the slot requirement uncertain.
"Should provide predictive failure monitoring & proactive alerts of actual or impending component failure for fan, power supply, memory, CPU, RAID, NIC",False,0,
Real-time hardware performance monitoring & alerting,False,0,
Should have built in server security & recovery tools,False,0,
CPU - Minimum Two x 20 core with latest series Processor,True,1,“latest series Processor” is vague and unspecified.
Memory - Minimum 256 GB DDR4 expandable to 1TB DDR4,False,0,
Chipset - Latest chipset compatible with the offered processors,True,1,"“Latest chipset” is a vague, non-quantifiable term."
Network - Server should have 2 x Dual port 25Gig SFP+ Card,True,3,“2 x Dual port 25Gig SFP+ Card” can be parsed multiple ways.
Redundant hot plug power supplies,False,0,
Redundant hot plug fans,False,0,
Storage array shall be configured in No-Single-Point-of-Failure configuration with redundant components and offer Five 9’s of availability,True,1,“Five 9’s of availability” is a qualitative availability target.
The Storage array shall have end to end 12 Gbps SAS architecture for Backend and Disk connectivity,False,0,
Array should be supplied with at least 128 GB Cache on controller pair which should be flexibly usable for Read and write operations,True,1,“flexibly usable” is vague about cache allocation behavior.
All writes must be mirrored across controllers,False,0,
The array should be supplied with at least 4 x 4 lane 12 GB/s SAS ports across storage controllers for back-end connectivity,False,0,
The array must keep write cache persistent during fault conditions,False,0,
"The proposed solution must be configured with 600 TB usable capacity (with no compression & de-duplication) using Raid 6 (6:2), with at least 20% SSD drives",False,0,
It is desired that no automated tiering should be considered,False,0,
The proposed array must field upgradable drives in future to reduce cost,False,0,
The added SSD/SAS should be included in existing storage non-disruptively to add capacity,False,0,
The proposed array must deliver at least 500K IOPS with average IO size of 8 KB and response time of less than 2 milliseconds,False,0,
Storage should enables meeting scalability needs in the cloud (pay as you go),True,4,"Grammar error in ""should enables"" obscures the requirement."
Enables deploying multi-tenant applications (robust security),True,4,Missing subject and fragmentary wording obscure the intended action.
Traffic management - enables rapid & cost efficient allocation of network,True,4,Fragmentary phrase lacks a clear grammatical structure.
"Supports big data computing, should have capability to combine large storage data & multiple network protocols as a single converged infrastructure",True,4,Awkward grammar makes the intended capability unclear.
"The Storage array must provide end-to-end data protection using industry standard mechanism such as parity checking, checksum and background disk scrubbing etc",False,0,
The Storage array must provide multiple levels of access control including role-based security and auditing capability,False,0,
"The storage system should support non-disruptive field replacement capabilities for components like Disk Drives, Disk connections, power supplies, controllers etc",False,0,
"The Storage array should support continuous system monitoring, call-home notification, advanced remote diagnostics and proactive hot sparing to enhance system robustness, availability and reliability",False,0,
The Storage array must support capability to replicate data to remote site array in synchronous and asynchronous modes this license should be configured for entire supported capacity of the array,True,3,"Unclear whether the license applies to synchronous, asynchronous, or both modes."
"Entire storage capacity should be protected with Data-at-rest encryption, required software and hardware should be configured",False,0,
The Storage array should be upgraded to higher model with Data-in-place protection or addition of controller in the offered array family to meet future data growth and lower TCO,True,3,"Unclear whether upgrading, data-in-place protection, or controller addition is required."
"The storage should be configured with easy to manage, simple integrated user interface for distributed storage environments",True,1,"Vague terms like ""easy to manage"" and ""simple"" are qualitative."
Storage shall be configured with required feature license to snapshot and restore file and block data,False,0,
This license should be configured for entire supported capacity of the array,True,1,“entire supported capacity” is vague and undefined.
Storage should provide simple to use single management interface,True,1,“simple to use” and “single management interface” are vague.
It should have dashboards for at-a-glance management and reporting and other functions like configuration monitor and manage,True,3,Unclear whether “configuration monitor and manage” are dashboard functions or separate items.
It should support any browser and any device/handheld,True,1,“any browser” and “any device/handheld” are overly broad and vague.
"Storage shall support CLI, Web and Rest API based management of storage array",False,0,
It should have enterprise dashboard to aggregated view of entire storage environment and capability to customize dashboard,True,3,“to aggregated view” is grammatically unclear and could mean different things.
It should have dashboard for alerts on severity to allow instant update on the storage environment for quickly and efficiently detection of issues,True,3,The phrase “alerts on severity” and “instant update” are structurally unclear.
The storage management software should display graphical depiction of storage hardware components with capability of tracking system and state information in real time in order to simplify debugging of hardware faults,True,3,The clause structure makes the tracking and debugging requirements hard to parse.
"Storage OEM shall provide software-as-a-service cloud management dashboard that provides Basic performance characteristics like IOPS, Throughput, configuration related analytics and Storage health reporting for trending analysis",True,3,“Basic performance characteristics like” and the trailing list are syntactically awkward.
"The Solution should provide security on the System OS, as well as guest VMs",False,0,
It should provide the ability to apply security to virtual machines and security policies that can follow the machines as they move in the cloud,False,0,
The Solution should support VLAN isolation by supporting multiple networks,False,0,
"Network and security should be integrated with cloud so automated and on-demand creation of network, Security and load balancing, SSL VPN policies is done as soon as VM is created",True,3,The sentence is syntactically tangled around what is created automatically.
"Firewall functionality to block inbound and outbound traffic to cloud network, The firewall can be managed by establishing access control list (ACL) rules for your cloud network",True,3,The firewall and ACL clauses are joined in an unclear structure.
Security solution should work in High availability with active –active and active passive clustering,True,1,“High availability” is a vague qualitative requirement.
The solution should be able to scan the environment and a VM for any security vulnerability on delivered servers,True,3,Unclear whether 'environment and a VM' are separate targets or one combined target.
Solution to enable Antivirus protection for all the servers and protect all the VMs,False,0,
"Solution should provide visibility, dashboard to collect and analyse network flows in the context of the VMs and applications they are originating from or terminating to",True,3,Unclear what 'in the context of' modifies and which flows are included.
Users should easily understand who is talking to whom and what flows need to be allowed or blocked,True,2,The phrase 'who is talking to whom' and 'flows' can be parsed multiple ways.
"Ensure that the cloud infrastructure and all systems hosted on it, respectively, are properly monitored for unauthorized activity",False,0,
"Data encryption applies to the following data on private cloud: Data at rest, Data in motion, Data available over an API to external sources /applications",False,0,
Data should be encrypted as per the industry acceptable Encryption Standards,True,1,The phrase 'industry acceptable Encryption Standards' is vague and undefined.
Standard encryption techniques / policies should be implemented for this activity,True,1,The term 'standard encryption techniques / policies' is vague.
"The overall SLA for data processing should be adhered to, keeping data encryption as an important activity; The cloud solution shall integrate with existing SOC-NOC solution at enterprise security infrastructure and network security infrastructure",True,2,The semicolon joins two requirements with unclear relationship and scope.
Network Time Protocol needs to be configured and integrated with other existing servers,False,0,
All devices proposed should be IPv6 compatible and all licenses shall be provided on day one,False,0,
None of the device shall send any file or data outside SEBI network,False,0,
The The End Point Protection (EPP) and End point detection and Response (EDR) tools are procured under SOC-NOC comply with their proposed hardware/software and applications,True,4,Grammatical errors and repetition obscure the intended requirement.
Bidder may either choose to deploy their own EPP and EDR solution based on compatibility with proposed technology stack or be guided with EPP and EDR solution procured under SOC-NOC,True,3,Unclear whether 'be guided with' is mandatory or optional.
The Solution should provide patch management capabilities such that it should be able to update patches on its own hypervisor and update guest operating system,False,0,
"BIDDER shall ensure that compute instances receive OS patching, health checking, Systematic Attack Detection and backup function",False,0,
"Solution should have tools/software incorporated to patch all the provisioned VM (Linux & Windows) in Cloud, through automated Patching tool",False,0,
"Undertake a complete Risk Assessment of current state including vulnerability assessment and Penetration Testing by every six month or as per SEBI's discretion for the On Premise cloud solution and submit the reports on VAPT , loopholes and corrective actions",False,0,
"Documentation and Maintenance of the Policies, Practices and Operating Procedures, Disaster Recovery and Business Continuity Plan for SEBI Private Cloud",False,0,
Provision to provide the audit logs to SEBI NOC-SOC to identify any unauthorized access to SEBI's systems,False,0,
Capability to support storing log files for duration of project in a durable and inexpensive storage solution,True,1,“durable” and “inexpensive” are vague qualitative storage requirements.
Governance and Compliance: Capability to discover all of cloud resources and view the configuration of each,False,0,
"Receive notifications each time a configuration changes, Capability to obtain details of what a resource’s configuration looked like at any point in the past",False,0,
Solution must ensure High availability to provide continuous availability of virtual machines,True,1,“High availability” is a vague qualitative term.
Solution must provide replication at appropriate level including virtual machine and storage level between primary and DR site,True,1,“appropriate level” is vague and unspecified.
Solution should provide movement of virtual machines from DC to DR site in case of failure or maintenance work,False,0,
Solution to ensure extending network and security policy across DC & DR so that network and security profiles including IP addresses remain intact when VMs moves or started within another DC,False,0,
Solution should provide non-disruptive DR drill/testing of recovery plan for full/selected applications at SEBI's discretion without impacting production applications running in primary environment,False,0,
"Its bidders responsibility, in the event of a disaster at DC (primary) site, activation of services from the DR site RPO : < = 10 minutes, RTO : < = 2 hour",False,0,
"Provide report of every recovery plan workflow executed with details of each and every step like start time, end time, execution status etc",False,0,
"Backups of all the data including but not limited to files, folders, images, system state, databases, workstations and enterprise applications shall be carried according to the following policy",False,0,
The bidder shall provide optimal sizing for the backup storage based on the size of the cloud and backup policy provided,True,1,“optimal sizing” is vague and admits multiple interpretations.
Backup Solution must support GUI with centralized management / Single interface for management of all backup activities across the entire storage capacity supplied,False,0,
The backup solution must have firewall support,False,0,
Backup Solution Must support de-duplication and compression and based on policy backup software should be able to move data to a disk target,False,0,
The proposed backup strategy should be Disk – To - Disk,False,0,
"Backup software should be supplied with licenses based on the entire storage capacity supplied, irrespective of No of backup clients, configuration of backup clients etc",False,0,
Backup software should be able to schedule backup and restoration operations on the same host or any other host,False,0,
Firewall should be in High Availability Mode,False,0,
All network components should be minimum 10Ge,True,1,“minimum 10Ge” is unclear and undefined.
"The ports after utilization, there should be usable spare ports for future use",True,3,“after utilization” and “usable spare ports” leave the requirement unclear.
Device should be Enterprise NGFW with minimum 5 gbps throughput,True,1,“Enterprise NGFW” is vague and undefined.
Firewall packet handling performance should be adequate to deliver the required throughput,True,1,“adequate” is a vague qualitative performance term.
"Firewall shall have application visibility and control and additional threat prevention against threats like exploits, vulnerabilities, worms, virus, spywares, malwares etc which can be enabled or disabled as and when required",False,0,
The Firewall should have integrated VPN functionality,False,0,
Should be capable of decrypting SSL and SSH traffic for both inbound (connection across any port and not just 443 and 22) and outbound,False,0,
"The proposed solution should support Virtualization (Virtual Firewall, Security zones and VLAN) Should support IPSEC, PPTP, L2TP & SSL VPN",False,0,
"The system should support the following IPSEC VPN capabilities: Multi-zone VPN support, IPsec, ESP security, NAT traversal, Hub and Spoke architecture, Redundant gateway architecture",False,0,
"The system should support 2 forms of site-to-site VPN configurations: Route based IPsec tunnel, Policy based IPsec tunnel",False,0,
The system should provide IPv6 IPsec feature to support for secure IPv6 traffic in an IPsec VPN,False,0,
"Firewall must have device/asset tagging feature to separate and categorize network objects, interfaces, and devices to provide comprehensive monitoring",False,0,
"The Device shall perform packet filtering based on following parameters: Source Address or Destination Address, Source or Destination Port, Applications, Port number, Services, FQDN based policy",False,0,
"The Device shall provide authentication through following: LDAP/Active Directory, Multifactor authentication",False,0,
Firewall should support cloud deployment through native deployment templates,False,0,
"Appliance must have capability to terminate the ILL(Internet Lease Line, P2P link ,MPLS link)",False,0,
Firewall should support HTTP Log Forwarding to drive action based on observed incidents,False,0,
Firewall should have capability to protect against Denial of Service (DOS) and DDOS attacks,False,0,
"The IPS detection methodologies should consist of: Signature based detection using real time updated database, Anomaly based detection that is based on thresholds",False,0,
The IPS should be able to inspect SSL sessions by decrypting the traffic,False,0,
Should support Syslog server logging,False,0,
Firewall should have Automated certificate enrolment (SCEP),False,0,
Firewall should support multilevel administration privilege,False,0,
Firewall should support software upgrades using secure web Interface,False,0,
The cloud OS should be able to manage and support virtualized multitier services,False,0,
A multitier service can comprise several component/tiers with some intrinsic dependencies among them,False,0,
"These services can be deployed as a group of interconnected VMs in the cloud with specific deployment dependencies and, optionally, some location, affinity, and elasticity requirements",False,0,
Multitier service deployment can involve some communication and storage elements such as virtual networks and virtual disks,False,0,
"The service manager’s admission control should be capable of deciding whether to accept or reject a service, depending on the service requirements and resource availability in the cloud",False,0,
"Once Service management accepts a service, the service manager is responsible for managing its life cycle, which can involve several actions, including but not limited to deploying, suspending, resuming, or cancelling the service",False,0,
"The VM manager is responsible for managing a VM’s entire life cycle and performing different VM actions: deploy, migrate, suspend, resume, shut down",False,0,
This should be in accordance to user commands or scheduling strategies,True,5,This should refers to an unstated action or state.
The VM manager should be able to report VM availability in infrastructure clouds,False,0,
"To guarantee VM availability, the VM manager should include different mechanisms for detecting VM crashes and automatically restarting the VM in case of failure",False,0,
"The Network management should be able to deploy services in the cloud not only by the provision of VMs but also the instantiation of communication networks to interconnect the different service components and to make the service reachable for external users, if needed",False,0,
The network manager should be able to manage private networks to interconnect both the service’s internal components and public IP address pools and connect the front-end service components to the Internet,True,3,It is unclear how private networks relate to public IP pools.
"As different virtual networks can share a common physical link, the network manager should provide an automated procedure for MAC and IP address assignment to avoid address overlap problems",False,0,
It should also offer additional mechanisms to guarantee traffic isolation between different virtual networks,False,0,
The storage manager’s main function is to provide storage services and finaluser virtual storage systems as a commodity,True,4,“finaluser” appears malformed and obscures the intended phrase.
"Bidder should provide ability to provision storage dynamically in different options like SSD, on demand IOPS, File storage, cold storage etc",False,0,
Bidder should support solid state drive (SSD) backed storage media that offer single digit millisecond latencies,False,0,
The Array should deliver guaranteed 500K IOPS with average IO size of 8 KB and response time of less than 2 milliseconds,False,0,
"Cloud solution should support the needs of I/O-intensive workloads, particularly database workloads that are sensitive to storage performance and consistency in random access I/O throughput",False,0,
Cloud solution should support encryption of data at rest/motion as per industry standards,False,0,
Cloud solution should be able to send notifications when certain events happen at the object level (addition/deletion),False,0,
"Solution should have efficiencies like Thin Provisioning, Deduplication, and compression",False,0,
Solution should have 2x disk upgrade capacity of the proposed solution current capacity,True,3,“2x disk upgrade capacity” is logically unclear in scope.
"Thus, the cloud OS must have the appropriate tools to manage these images efficiently and securely, as well as having additional functionality for administering image repositories",False,0,
A configuration management database (CMDB) is a database that contains all relevant information about the hardware and software components used in an organization's IT services and the relationships between those components,False,0,
SEBI uses Everest CMDB,False,0,
SI is expected to integrate with Everest for maintaining information of SEBI’s IT assets,False,0,
The cloud OS must provide different tools and interfaces (command-line or GUI) for users and administrators to perform various tasks,False,0,
"Web Console /Portal: An intuitive, web-based user interface that allows full control and administration of cloud-based virtual infrastructure platforms, network domains, servers and storage",False,0,
"SEBI Private Cloud Infrastructure web console should provide the ability to: build virtual, logically segregated infrastructure platforms, clone disk images, create and manage network domains and cloud networks, allow VLANs with the same private IP address assignments to remain isolated from one another, launch and control cloud servers, Fetch inventory of all Provisioned VMs with details like OS, CPU, Memory disk",False,0,
"The portal should provide one stop, online access to the product, a personalized dashboard to monitor device health, hardware events, and contract and warranty status",False,0,
Should provide a visual status of individual devices and device groups,False,0,
The scheduling tools should be capable of scheduling within a cloud infrastructure,False,0,
"At the physical host level, managed by the hypervisor scheduler, which is responsible for deciding when VMs can obtain system resources—such as physical CPU or memory—and which physical CPUs are assigned to each VM",True,3,Sentence fragment leaves unclear what requirement is being stated.
"At the cloud level, managed by the cloud OS scheduler, which is responsible for deciding the particular physical server where each VM is deployed",True,3,Sentence fragment leaves unclear what requirement is being stated.
Cloud OS functionality should be provided to applications using cloud interfaces/ APIs,False,0,
"Auditing provides information about activity in cloud resources, indicating who accessed cloud resources, when they gained access, what operations they performed",False,0,
To ensure user authentication is verified and are confirmed the identity of users who try to access cloud resources,True,3,Grammatical fragment obscures the intended requirement.
"The system should be able to but not limited to: Authorization policies control and manage user privileges, Permissions to access different cloud resources, such as VMs, networks, or storage systems",True,3,Broken construction makes the obligation unclear.
"Access control can be implemented using role-based mechanisms, where a role defines a group of permissions to perform certain operations over specific cloud resources and users can be assigned particular roles",False,0,
"Compute service should provide auto-scalable, redundant, dynamic computing capabilities",True,1,auto-scalable and redundant are vague qualitative terms.
"Compute service must allow resizing of compute resources (virtual CPU, Memory, Storage, Network, IOPS etc) at any point of time without any outage",False,0,
Bidder should provide ability to logically group instances for applications that require low network latency and/or high network throughput,False,0,
Bidder should make sure that compute instances architected in such way to avoid any outage or downtime when BIDDER performing any maintenance activity,False,0,
Compute instances must provide anti-virus protection,False,0,
"Bidder should ensure that if at any point, compute instance fails it should automatically restart on healthy physical host",False,0,
Should deliver full bandwidth Non-blocking architecture with 1:1 performance in an energy-efficient fashion,True,1,“1:1 performance” and “energy-efficient fashion” are vague.
The switch should be rack mountable,False,0,
Enterprise-class availability features such as redundant and hot pluggable components like power supply and FAN etc and should be configured in a highly available and no single point of failure mode,True,3,The clause structure makes the required features and mode unclear.
Web based management and should also support CLI,True,3,Missing subject makes the obligation unclear.
"The switch should have USB port for firmware download, support save, and configuration upload/download",True,3,The list is syntactically incomplete and unclear.
"Support for POST and online/offline diagnostics, including RAStrace logging, environmental monitoring, non-disruptive daemon restart, FCping and Pathinfo (FC traceroute), port mirroring (SPAN port)",False,0,
"Should support Quality of Service (QoS) to help optimize application performance in consolidated, virtual environments",False,0,
"It should be possible to define high, medium and low priority QOS zones to expedite high-priority traffic",False,0,
SAN switch shall support to restrict data flow from less critical hosts at pre-set bandwidths,False,0,
Offered SAN switches shall support to measure the top bandwidth-consuming traffic in real time for a specific port or a fabric which should detail the physical or virtual device,True,3,"The final clause attaches ambiguously to port, fabric, or traffic."
The Solution should have the capability for moving Virtual Machines from Primary site to the Secondary site,False,0,
"Cloud platform network should have low latency, low jitter, all protocol required to run application (TCP ,UDP etc),network access list and Prevent IP Spoofing features",True,1,“low latency” and “low jitter” are vague qualitative performance terms.
"The load balancer should support Web, SSL, TCP scale-out for high-volume applications and provide in-built redundancy",True,1,"“Web, SSL, TCP scale-out” is unclear and “high-volume” is vague."
Proposed Solution should support Micro-segmentation,False,0,
Based on the backup policies and the compression and de-duplication efficiency of the Backup software the sizing shall be arrived by the bidder,False,0,
Proposed appliance should support retention lock (WORM) feature which ensures that no data is deleted accidently and support for point-in-time copies of a LUN or volumes with minimal performance impact,True,3,“point-in-time copies of a LUN or volumes” has unclear scope and attachment.
Proposed appliance should support minimum backup throughput of 24 TB/hr while maintaining a single deduplication pool with RAID 6 and min one hot spare disk as well,False,0,
Proposed disk appliance should be offered with battery backed up RAM / NVRAM for protection against data loss in power failure scenario and continuous automated file system check to ensure data integrity,False,0,
Proposed appliance should be offered RAID-6 with SATA/NL-SAS disk drives along with hot-spare disks in the ratio of 15:1 or better,True,3,“hot-spare disks in the ratio of 15:1 or better” is unclear in ratio direction.
Proposed appliance should be offered with Multi-Tenancy features which provides a separate logical space for each tenant user while maintaining a global de-duplication across data from all tenant users,False,0,
The proposed replication software must provide the ability to perform synchronous as well as asynchronous replication in the virtualized machine environment over any distance with efficient WAN bandwidth utilization,True,1,“any distance” and “efficient WAN bandwidth utilization” are vague requirements.
The proposed replication software must support continuous data protection to any point in time recovery at the virtual machine level and it must provide inbuilt ability to perform DR orchestration workflows,False,0,
The proposed solution should run on dedicated clustered configurations to avoid single point of failure and must support scale up configuration by adding additional appliances,False,0,
It must support flexible deployment models by using virtual appliances and virtual disks for its journaling volumes,False,0,
The architecture of the solution must have no single point of failure,False,0,
It must provide REST API's to enable deployment workflow automation,False,0,
It must provide the flexibility to exclude virtual disks within the protected VM from the replication configuration,False,0,
The proposed software must provide the ability to perform DR tests without actually failing over the Production volumes,False,0,
During the drills/test the Production volumes must continue replicating to the replication target and any operation on the source VM/volume must remain unaffected,False,0,
The software must be able to failover an individual or group or complete site to another site,False,0,
It must provide a non-disruptive process to perform upgrades of the appliances (both software as well as hardware),False,0,
The proposed software must support defining of the power up sequence during a fail over process,False,0,
Proposed Replication Solution should be able to Replicate to Traditional/Converge Infrastructure as well if required,True,5,“Traditional/Converge Infrastructure” and “if required” leave the requirement unclear.
"Proposed backup software should be available on various OS platforms like Windows, Linux etc",False,0,
The backup server should be compatible to run on both Windows and Linux OS platforms,False,0,
"The backup software should be able to encrypt the backed up data using industry standard encryption on the backup client and should not demand for additional license, any such license if needed should be quoted for the total number of backup clients asked for",False,0,
Should have in-built calendar based scheduling system and also support check-point restart able backups for file systems,True,3,“check-point restart able backups” is unclear and grammatically hard to parse.
"It should support various level of backups including full, incremental, differential, synthetic and virtual synthetic backups",False,0,
The proposed backup software should have the capability to enable WORM on the backup sets from the backup software console on proposed disk backup appliance,False,0,
"The solution must support client-direct backup feature for file system, applications and databases to reduce extra hop for backup data at backup/media server to cater stringent backup window",False,0,
"Must have Agent/Modules for online backup of applications and databases such as MS SQL, Oracle, Exchange, DB2, Sharepoint, and SAP",False,0,
Must support NAS and storage array based snapshot backup for off host zero downtime and zero load on the primary backup client with wizard based configuration,True,1,“zero downtime” and “zero load” are vague qualitative requirements.
"Backup Solution must support multi tenancy feature for creation of distinct data zones where the end users have access without being able to view data, backups, recoveries, or modify in other data zones",False,0,
"Backup Solution should also have configurable ReST API support for management, administration and reporting on backup infrastructure via custom applications",False,0,
The backup software should be able to backup data from servers as well as from end point desktops,False,0,
The proposed solution should have inbuilt feature for extensive alerting and reporting with pre-configured and customizable formats,True,1,“extensive alerting and reporting” is vague and not precisely defined.
"The proposed solution must have capability to do trend analysis for capacity planning of backup environment not limiting to Backup Application/Clients, Virtual Environment, Replication etc",False,0,
"The proposed backup software should support deployment in public, private and hosted clouds",False,0,
"The Clients writing to cloud storage using the proposed backup software should have source based de-duplication, compression and encryption with them",True,3,“with them” makes the ownership and scope of features unclear.
The solution should offer recovery of specific volumes for recovery from metadata in case of a disaster recovery,True,3,It is unclear what “recovery of specific volumes” means here.
The proposed backup solution should provide search capability from a web portal to allow search for a single file from complete backup store,False,0,
Proposed solution should have a mechanism to migrate applications between resources such as different host groups or VMs,False,0,
Shall provide services on a Public Cloud,False,0,
Shall provide services on a logical dedicated cloud (herein after referred to as Government Virtual Private Cloud) at the Data Center,False,0,
Shall be hosted and provided services on a dedicated cloud (herein after referred to as Government Community Cloud) at the Data Center,False,0,
Government Virtual Private Cloud environment will only offer cloud services for Departments / Ministries / Agencies / Autonomous Institutions / Statutory Bodies / Offices under Government of India or States or UTs or Local Governments or PSUs or Nationalized Banks within India (herein after referred to as Government Department),False,0,
Government Community Cloud will only offer cloud services for Departments / Ministries / Agencies / Autonomous Institutions / Statutory Bodies / Offices under Government of India or States or UTs or Local Governments or PSUs or Nationalized Banks within India (herein after referred to as Government Department),False,0,
"The infrastructure elements including server, storage (including backup storage) and network of the Government Virtual Private Cloud should provide strong tenant isolation, provide granular identity and access management capability and encryption and be logically separate from the public and other cloud offerings of the cloud service provider",False,0,
"There should be logical separation (of servers, storage, network infrastructure and networks) to protect data, applications and servers and provide robust virtual isolation for the Government Virtual Private Cloud",False,0,
"The infrastructure elements including physical server, physical storage (including backup storage) and network infrastructure of the Government Community Cloud should be dedicated to the Government Department solutions and be physically separate from the public and other cloud offerings of the Cloud Service Provider",False,0,
"There should be physical and logical separation (of space, servers, storage, network infrastructure and networks) to protect data, applications and servers",False,0,
"However, the dedicated infrastructure elements can be shared by the Government Departments",False,0,
The space allocated for the dedicated infrastructure should be clearly demarcated and identified as hosting Government Department’s Projects,False,0,
The demarcated and identified area shall not host any components other than those of Government Departments Projects,False,0,
The entire N/W Path for each of the hosted government applications shall be separate (logical separation & isolation) from the other clients (including other government departments) and should be dedicated for the respective Government Department,False,0,
"Implement a firewall policy that allows the Government Department to administer it remotely, or shall administer a firewall policy in accordance with the Government Department’s direction, allowing the Department to have read-only access to inspect the firewall configuration",True,3,The clause structure makes the firewall obligation and access mode unclear.
The cloud service offering shall support Network and security with virtual firewall and virtual load balancer integration for auto-scale functions,False,0,
The cloud service offering shall support Network and security with dedicated virtual firewall and virtual load balancer integration for auto-scale functions,False,0,
The cloud service offering shall support Network and security with dedicated firewall and load balancer integration for auto-scale functions,False,0,
Must have Separate VLAN provision with dedicated virtual firewall between the VLANs and for each and every client on the Government Virtual Private Cloud,False,0,
Must have Separate VLAN provision with dedicated firewall between the VLANs and for each and every client on the dedicated Government Community Cloud,False,0,
The management consoles should only show the data relevant for the Government Department,False,0,
"The management consoles for the dedicated Government Community Cloud should only show the data for the dedicated Government Community Cloud and in the same manner, the monitoring data of the dedicated Government Community Cloud shall not be available on any other management console",False,0,
"With respect to monitoring tools, if any agent has to be deployed on the VMs or otherwise, the monitoring tools may be shared provided there is logical segregation and controls builtin to ensure that the tools & deployed agents comply to the security policies and ONLY the events, performance threshold alerts and inventory data for the OS, DB, infrastructure and Application is captured & sent by the deployed agents",True,3,Scope of shared tools versus captured data is unclear.
The monitoring tools and deployed agents (in case of agent-based tools) shall not capture or send Government Department’s application and/or user and/or transaction data,False,0,
"All the physical, environmental and security features, compliances and controls of the Data Center facilities (as required under this RFP) shall be enabled for the Cloud Service Offerings",False,0,
"Shall leverage and share all network related security toolset which are in network flow, however, host based security like IDS, PIM, FIM should be specific to Government Virtual Private Cloud",True,5,"Unclear what ""in network flow"" and ""host based security"" specifically require."
"Security toolset, except DDOS, shall be a dedicated installation of the tools / products for the Government Community Cloud",False,0,
DDOS need not be a dedicated installation for the Government Community Cloud and may be deployed as a shared service,False,0,
"In case, the CSP provides Database System Software as a Service for the Government Department, the database shall be a dedicated instance for the Government Community Cloud",False,0,
"In case, the CSP provides Database System Software as a Service for the Government Department, the database shall be a dedicated installation for the Government Community Cloud",False,0,
"For ensuring strategic control of the operations, the CSP shall provide self-service tools to the Government Departments that can be used by the Departments to manage their cloud infrastructure environments including Government Department specific configurations",False,0,
"For ensuring strategic control of the operations, approval of the DeitY/Government Departments shall be taken prior to making changes / modifications of the deployed solution, database, data, configurations, security solutions, hosted infrastructure, etc of the Government Community Cloud where such changes affect solutions of multiple Government Departments using the Government Community Cloud",False,0,
The above set of activities where prior approvals of the DeitY have to be taken is only indicative and by no means an exhaustive list,False,0,
The set of activities for which such approval has to be obtained will be finalized by DeitY/Government Department and reviewed on as needed basis,False,0,
"Where required, DeitY or the Government Department as applicable, shall be provided the access rights on the cloud services console that will enable authorized DeitY user or Government Department user, as applicable, to approve any critical changes to the solution including the underlying infrastructure before they are carried out by the CSP",True,3,Unclear who gets access rights and who approves changes.
"For any changes (including auto-provisioning and others that may or may not need prior approval) to the underlying cloud infrastructure, software, etc under the scope of the CSP, that has the potential to affect the SLAs (performance, availability,..), the Government Department shall get alerts / notifications from the CSP, both as advance alerts and post implementation alerts",True,3,Scope of changes and alert timing/coverage are unclear.
Shall be in accordance with the requirements in this RFP,False,0,
"There should be sufficient headroom (at an overall level in the compute, network and storage capacity offered) available for near real time provisioning (as per the SLA requirement of the Government Department) during any unanticipated spikes in the user load",True,1,"""sufficient headroom"" and ""near real time"" are vague."
The provisioning / de-provisioning SLAs may differ for the different cloud deployment models,False,0,
Ability to integrate fully with the Government of India approved Certificate Authorities to enable the Government Departments use the Digital Certificates / Digital Signatures,False,0,
The respective Government Department shall retain ownership of any user created/loaded data and applications hosted on CSP’s infrastructure and maintains the right to request (or should be able to retrieve) full copies of these at any time,True,3,Ownership and retrieval rights are combined with unclear scope.
"The respective Government Department retains ownership of all virtual machines, templates, clones, and scripts/applications created for the department’s application",False,0,
The respective Government Department retains the right to request (or should be able to retrieve) full copies of these virtual machines at any time,False,0,
The respective Government Department retains ownership of Department loaded software installed on virtual machines and any application or product that is deployed on the Cloud by the Government Department,False,0,
"The respective Government Department shall be provided access rights (including the underlying secure connection) to the user administration / portal of cloud services to have visibility into the dashboard, SLAs, management reports, etc provided by the Cloud Service provider",False,0,
CSP shall not provision any unmanaged VMs for the applications,False,0,
"CSPs shall provide interoperability support with regards to available APIs, data portability etc for the Government Department to utilize in case of Change of cloud service provider, migration back to in-house infrastructure, burst to a different cloud service provider for a short duration or availing backup or DR services from a different service provider",False,0,
Should adhere to the ever evolving guidelines as specified by CERT-In,True,4,Missing subject makes the requirement grammatically incomplete.
Should adhere to the relevant standards published (or to be published) by DeitY or any standards body setup / recognized by Government of India and notified to the CSP by DeitY as a mandatory standard,True,4,Missing subject and awkward phrasing obscure the requirement.
CSP shall also adhere to the relevant audit requirements as defined in the RFP,False,0,
"DeitY has initiated the process of identification of the Standards, develop the necessary specifications, frameworks and guidelines with the help of a Cloud Management Office (CMO)",True,3,Unclear whether DeitY or CMO develops the specifications and guidelines.
The provisionally empaneled cloud service offerings will have the option to comply with the full-fledged guidelines & standards as and when the such guidelines / standards are published by DeitY to get the full empanelment within the timeframe given by DeitY,True,3,"The phrase ""as and when"" and the clause structure make the obligation scope unclear."
"CSP is responsible for all costs associated with implementing, assessing, documenting and maintaining the empanelment",False,0,
"In case of any delay in publishing full-fledged guidelines / standards by CMO or identification of any critical gaps or deemed as required by DeitY during the period of provisional empanelment, additional guidelines / standards may be published by DeitY from time to time that will be applicable for the Provisionally Empaneled Cloud Service Offerings",True,3,The conditions for publishing additional guidelines are grammatically and logically unclear.
Provisionally empaneled cloud service offerings must comply with the additional guidelines / standards (applicable for the Provisionally Empaneled Cloud Service Offerings) as and when such guidelines / standards are published by DeitY at no additional cost to retain the provisional empanelment status,False,0,
Cloud Service Providers will be given sufficient time and notice period to comply to the additional guidelines / standards,False,0,
Any downtime during such approved upgrades will be considered as approved downtime for SLA calculations,False,0,
"Government Department has the option to extend the Provisional Empanelment duration on expiry, to avail the services of the CSP for continuation of the services without the need to go for a separate empanelment process",False,0,
The duration of extension will be decided by Government Department and will be up to a maximum of one year,False,0,
"The decision on the extension will be taken exclusively by Government Department keeping in consideration: satisfactory performance of the Agency, time constraints or other serious impediments in initiation / completion of full-fledged empanelment process, technological reasons, Where circumstances inescapably require taking recourse to this option",True,3,The listed extension criteria and final clause are not clearly structured.
"Provide the ability to provision virtual machines, storage and bandwidth dynamically (or on-demand), on a self-service mode or as requested",True,3,"It is unclear whether ""on-demand"" modifies all resources or only some."
Enable Service Provisioning via online portal/interface (tools),False,0,
Enable Service Provisioning via Application Programming Interface (API),False,0,
"Secure provisioning, de-provisioning and administering [such as Secure Sockets Layer (SSL)/Transport Layer Security (TLS) or Secure Shell (SSH)]",True,3,"The phrase ""such as"" leaves unclear what exactly must be secured."
Support the terms of service requirement of terminating the service at any time (ondemand),False,0,
"Provide a webpage and associated Uniform Resource Locator (URL) that describes the following: Service Level Agreements (SLAs), Help Desk and Technical Support, Resources (Documentation, Articles/Tutorials, etc)",False,0,
"Make the Management Reports described in this RFP accessible via online interface, these reports shall be available for one year after being created",False,0,
"The CSP is expected to carry out the capacity planning in advance to identify & provision, where necessary, the additional capacity to meet the user growth and / or the peak load requirements to support the scalability and performance requirements of the solution",False,0,
There should not be any constraints on the services,True,1,“constraints” is vague and could mean any restriction level.
The CSP shall ensure that effective Remote Management features exist so that issues can be addressed by the Government Department in a timely and effective manner,True,1,“effective” and “timely and effective” are vague qualitative terms.
Service Provisioning shall be available with two factor authentication via the SSL through a web browser,True,3,“via the SSL” is unclear and grammatically awkward.
"Provide a robust, fault tolerant infrastructure with enterprise grade SLAs with an assured uptime of 99,5%, SLA measured at the VM Level & SLA measured at the Storage Levels",True,1,"“robust,” “fault tolerant,” and “enterprise grade” are vague qualifiers."
"Document and adhere to the SLAs to include: Service Availability (Measured as Total Uptime Hours / Total Hours within the Month) displayed as a percentage of availability up to one-tenth of a percent (eg 99,5%), within a month of a major outage occurrence resulting in greater than 1-hour of unscheduled downtime",True,3,The sentence is grammatically tangled and hard to parse.
"Describe the outage including description of root-cause and fix, service provisioning and de-provisioning times (scale up and down) in near real- time should be as per the SLA requirement of the Government Department",True,3,The structure makes it unclear what modifies the SLA requirement.
Helpdesk and Technical support services to include system maintenance windows,False,0,
CSP shall implement the monitoring System including any additional tools required for measuring and monitoring each of the Service Levels as per the SLA between the Government Department and the CSP,False,0,
"Manage the network, storage, server and virtualization layers, to include performance of internal technology refresh cycles applicable to meet the SLAs",False,0,
"Provide a secure, dual factor method of remote access which allows the Government Department designated personnel (privileged users) the ability to perform duties on the hosted infrastructure",False,0,
Upgrade and periodically replace hardware without financial impact to the Government Department,False,0,
All the data within it shall be immediately deleted/destroyed and certify the VM and data destruction to the Government Department as per stipulations and shall ensure that the data cannot be forensically recovered,True,3,Pronouns and coordination make the deletion requirement hard to parse.
Perform patch management appropriate to the scope of their control and/or Provide self-service tools to perform patch management,True,3,Unclear whether one or both patch-management actions are required.
Alerts well in advance on the upcoming patches via email and management portal,True,3,Missing subject and action make the requirement unclear.
Patch VMs on the next available patch management change window and / or provide self-service tools to patch VMs,True,3,"Unclear whether patching, self-service tools, or both are required."
Application of automated OS security patches (where OS is the responsibility of the CSP) and / or provide self-service tools for application of OS security patches,True,3,"Unclear whether CSP patches, provides tools, or both."
Send regular reminders to the Government Department designated email address five (5) days prior to patch cut-off dates,False,0,
OS level vulnerability management – all OS images created within the cloud platform are regularly patched with the latest security updates or the latest security updates are available to the Government Department along with the self-service tools to apply the patches as per the requirement of the Government Department,True,3,Two alternative requirements are combined with unclear scope.
"Monitor availability of the servers, CSP -supplied operating system & system software, and CSP’s network",False,0,
"The CSP is fully responsible for tech refreshes, patch management and other operations of infrastructure that is in the scope of the CSP",False,0,
CSP should manage CSP provisioned infrastructure including VMs as per the ITIL standards,False,0,
Comply with technology refresh requirements as required so as to upgrade any technology prior to reaching end of life / end of support and as well as to ensure security requirements and service level agreements (SLA) are met,False,0,
"Software (limited to OS, security solutions and other platform stack where offered by the CSP to the Government Department) will never be more than two versions behind unless deferred or rejected by Government Department; This is not applicable to software such as cloud management stack (provisioning, orchestration and metering, etc)",False,0,
Manage data isolation in a multi-tenant environment,False,0,
The CSP should provide tools and mechanism to the Government Department or its appointed agency for defining their backup requirements & policy,False,0,
"The CSP should provide tools and mechanism to the Government Department or its appointed agency for configuring, scheduling, performing and managing back-ups and restore activities (when required) of all the data including but not limited to files, folders, images, system state, databases and enterprise applications in an encrypted manner as per the defined policy",False,0,
Manage data remanence throughout the data life cycle,False,0,
Provide and implement security mechanisms for handling data at rest and in transit,False,0,
CSP shall not delete any data at the end of the agreement (for a maximum of 45 days beyond the expiry of the Agreement) without the express approval of the Government Department,False,0,
"When the Government Department or CSP (with prior approval of the Government Department) scales down the infrastructure services, CSP is responsible for deleting or otherwise securing Government Department’s Content/data prior to VM deletion and in case deleted, shall ensure that the data cannot be forensically recovered",False,0,
"Provide automatic monitoring of resource utilization and other events such as failure of service, degraded service, etc via service dashboard or other electronic means",False,0,
Local Area Network (LAN) shall not impede data transmission,False,0,
Provide a redundant local area network (LAN) infrastructure and static IP addresses from customer IP pool or “private” non-internet routable addresses from CSP pool,False,0,
"Ability to deploy VMs in multiple security zones, as required for the project, defined by network isolation layers in the Customer’s local network topology",False,0,
Provide access to Wide Area Network (WAN),False,0,
Provide infrastructure that is IPv6 compliant,False,0,
CSP shall support for providing the secure connection to the Data Center and Disaster Recovery Center (where applicable) from the Government Department Offices,False,0,
The data center and disaster recovery centre facilities (where applicable) should support connection to the wide area network through high bandwidth links of appropriate capacity to take care of the needs of various types of user entities,True,1,“high bandwidth” and “appropriate capacity” are vague.
Provision has to be made for segregation of access path among various user categories,False,0,
Support dedicated link to the offices of the Government Department to access the data center and a separate internet link for the other external stakeholders to get access to Government Department services,False,0,
CSP shall have the capability to provide adequate bandwidth between Primary Data Center and Disaster Recovery Center for data replication purpose,True,1,“adequate bandwidth” is a vague qualitative requirement.
"Support network level redundancy through MPLS lines from two different service providers, alternate routing paths facilitated at ISP backbone (MPLS), redundant network devices etc",False,0,
These two network service providers should not share same back end infrastructure,False,0,
"Redundancy in security and load balancers, in high availability mode, will be provided to facilitate alternate paths in the network",True,3,"Unclear whether redundancy applies to security, load balancers, or both."
"The data center facilities shall cater for the space, power, physical infrastructure (hardware)",False,0,
The data center facilities and the physical and virtual hardware should be located within India,False,0,
The space allocated for hosting the infrastructure in the Data Center should be secure,False,0,
The Data Center should be certified for the latest version of ISO 27001 (year 2013) and provide service assurance and effectiveness of Management compliant with SSAE 16 / ISAE 3402 standards,False,0,
The NOC and SOC facility must be within India for the Cloud Environments and the managed services quality should be certified for ISO 20000:1,False,0,
"All the physical, environmental and security features, compliances and controls of the Data Center facilities (as required under this RFP) shall be enabled for the environment used for offering cloud services",False,0,
"Provide staff, technical and supervisory, in sufficient numbers to operate and manage the functioning of the DC & DRC with desired service levels",True,2,Unclear whether 'technical and supervisory' modifies staff or numbers.
Physical Security Standards as per the latest version of ISO 27001 (year 2013) standards,False,0,
"The service shall be available online, on-demand, and dynamically scalable up or down per request for service from the end users (Government Department or Government Department’s nominated agencies) with two factor authentication via the SSL through a web browser",True,2,Two-factor authentication and SSL attachment create unclear scope.
"Service shall provide scalable, redundant, dynamic storage",False,0,
Service shall provide users with the ability to procure storage with two factor authentication via the SSL through a web browser and manage storage capabilities remotely via the SSL VPN clients as against the public internet,True,2,"Unclear whether authentication applies to procurement, remote management, or both."
"Service shall provide storage capabilities on-demand, dynamically scalable per request and management of the storage via the SSL VPN clients as against the public internet",True,2,Unclear whether management via SSL VPN applies to storage capabilities or storage itself.
"Storage Space: Online, on-demand virtual storage supporting a single storage sizes in multiples of 1 GB 5",True,4,Typographical error 'sizes in multiples of 1 GB 5' obscures the requirement.
Data Transfer Bandwidth: Bandwidth utilized to transfer files/objects in/out of the providers infrastructure supporting a minimum of 100GB of data transferred (in and out) within 1 hour via the network,False,0,
"There shall not be any additional costs associated with data transfer over and above the ordinary bandwidth charges, or for bulk transfer for Government Department",False,0,
"The service shall be available online, on-demand and dynamically scalable up or down per request for service from the end users (Government Department or Government Department’s nominated agencies) with two factor authentication via the SSL through a web browser",False,0,
"Service shall provide auto-scalable, redundant, dynamic computing capabilities or virtual machines",True,1,“auto-scalable” and “dynamic computing capabilities” are vague qualitative terms.
Service shall allow Government Department authorized users to procure and provision computing services or virtual machine instances online with two factor authentication via the SSL through a web browser,False,0,
Service shall allow users to securely and remotely load applications and data onto the computing or virtual machine instance from the SSL VPN clients only as against the public internet,True,3,“SSL VPN clients only as against the public internet” is logically unclear.
Perform an Image backup of Customer VM Image information or support the ability to take an existing running instance or a copy of an instance and export the instance into a Government Department’s approved image format,True,3,The clause mixes two different actions with unclear scope and attachment.
"In case of suspension of a running VM, the VM shall still be available for reactivation for a reasonable time without having to reinstall or reconfigure the VM for the Government Department solution",True,1,“reasonable time” is a vague duration requirement.
"In case of suspension beyond a reasonable time, all the data within it shall be immediately deleted / destroyed and certify the VM and data destruction to the Government Department as per stipulations and shall ensure that the data cannot be forensically recovered",True,1,“reasonable time” and “as per stipulations” are vague qualifiers.
"CSP shall ensure that VMs receive OS patching, health checking, Systematic Attack Detection and backup functions",False,0,
"CPU (Central Processing Unit) - CPU options shall be provided as follows: A minimum equivalent CPU processor speed of 2.4GHz shall be provided, The CPU shall support 64-bit operations",False,0,
"Provide hardware or software based virtual load balancer Services (VLBS) through a secure, hardened, redundant CSP Managed Virtual Load Balancer platform",False,0,
Provide hardware or software based virtual load balancing as a service to provide stateful failover and enable Customers to distribute traffic load across multiple servers,False,0,
"Service shall support one or more of the major OS such as Windows, LINUX, Management of the OS processes and log files including security logs retained in guest VMs; Provide anti-virus protection; Provide OS level security as per CSP standard operational procedures as defined in the Information Security Controls for Cloud Managed Services and supporting documentation",True,3,The sentence is a run-on with unclear clause boundaries and obligations.
Persistent Bundled Storage is retained when the virtual machine instance is stopped or Non-Persistence – Non-Persistence Bundled Storage is released when the virtual instance is stopped,True,3,The dash construction makes the persistence condition and contrast unclear.
"If quoting Non-Persistence VM, the CSP shall provide VM Block storage",False,0,
Physical memory (RAM) reserved for virtual machine instance or Computing supporting a minimum of 1GB of RAM,True,3,Sentence fragment obscures whether RAM is reserved or computing requires 1GB.
Memory (RAM) requirement should be different for different type of servers such as web servers and database servers,False,0,
Disk Space options allocated for all virtual machines and file data supporting a minimum of 40GB bundled storage,True,3,Fragmentary wording makes unclear what is allocated and what supports 40GB.
"Service shall provide scalable, redundant, dynamic Web-based storage",True,1,"Vague terms like scalable, redundant, and dynamic lack precise meaning."
Service shall provide users with the ability to procure and provision block storage capabilities for cloud virtual machines remotely with two factor authentication via the SSL through a web browser,False,0,
"Service shall provide block storage capabilities on-demand, dynamically scalable per request for virtual machine instances",False,0,
"Once mounted, the block storage should appear to the virtual machine like any other disk Online, on-demand storage volumes of arbitrary size ranging from 1 GB to at least 1 TB",True,3,Run-on structure makes unclear how the storage description attaches.
"Government Department retains ownership of all virtual machines, templates, clones, and scripts/applications created for the Department’s application",False,0,
Government Department retains the right to request full copies of these virtual machines at any time,False,0,
Government Department retains ownership of Department loaded software installed on virtual machines and any application or product that is deployed on the Cloud by the Government Department,False,0,
Support a secure administration interface - such as SSL/TLS or SSH - for the Government Department designated personnel to remotely administer their virtual instance,False,0,
"Provide the capability to dynamically allocate virtual machines based on load, with no service interruption",False,0,
"Provide the capability to copy or clone virtual machines for archiving, troubleshooting, and testing",False,0,
"Cloud provider should offer fine-grained access controls including role based access control, use of SSL certificates, or authentication with a multi-factor authentication",False,0,
Government Department should be permitted to bring and upload additional properly licensed non-operating system software for operation in cloud as required for the Government Department solution for use within the Services by installing it directly on a VM,False,0,
RAM or CPU of virtual machine should scale automatically whenever there is spike in load to deliver application availability even during spike in load,False,0,
"Provide facility to use different types of disk like SAS, SSD based on type of application",True,1,"“different types of disk like SAS, SSD” is vague and non-specific."
CSP is responsible for Disaster Recovery Services so as to ensure continuity of operations in the event of failure of primary data center of the Government Department and meet the RPO and RTO requirements,False,0,
RPO should be less than or equal to 2 hours and RTO shall be less than or equal to 4 hours,False,0,
The key transaction data shall have RPO of 15 minutes,False,0,
"However, during the change from Primary DC to DRC or vice-versa (regular planned changes), there should not be any data loss",False,0,
There shall be asynchronous replication of data between Primary DC and DRDC and the CSP will be responsible for sizing and providing the DC-DR replication link so as to meet the RTO and the RPO requirements,False,0,
The Primary DC (of the Government Department) and the DRC should be in different seismic zones,False,0,
"During normal operations, the Primary Data Center (of the Government Department) will serve the requests",False,0,
The Disaster Recovery Site will not be performing any work but will remain on standby,False,0,
"During this period, the compute environment for the application in DR shall be available but with minimum possible compute resources required for a functional DR as per the solution offered",True,1,“minimum possible compute resources” is vague and subjective.
The application environment shall be installed and ready for use,False,0,
The storage should be 100% of the capacity of the Primary Data Center site,True,3,“100% of the capacity” is unclear without a reference capacity.
This is the period during which the Compute environment for the application shall be equivalent to DC,True,3,“equivalent to DC” lacks a clear comparison basis.
The installed application instance and the database shall be usable and the same SLAs as DC shall be provided,True,3,Unclear whether 'same SLAs as DC' means identical service levels or matching the DC site.
The use of this Full Compute DR environment can be for specific periods during a year for the purposes of DC failure or DR Drills or DC maintenance,True,3,"Unclear whether 'can be for specific periods' is permission, capability, or a scheduling requirement."
The Database and storage shall be of full capacity and the licenses and security shall be for full infrastructure,True,1,'full capacity' and 'full infrastructure' are vague qualitative terms.
The bandwidth at the DR shall be scaled to the level of Data center,True,1,'scaled to the level of Data center' is vague and lacks a clear measurable target.
Users of application should be routed seamlessly from DC site to DR site,False,0,
The CSP shall conduct DR drill for two days at the interval of every six months of operation wherein the Primary DC has to be deactivated and complete operations shall be carried out from the DR Site,False,0,
"However, during the change from DC to DRC or vice-versa (regular planned changes), there should not be any data loss",False,0,
The CSP shall clearly define the procedure for announcing DR based on the proposed DR solution,False,0,
The CSP shall also clearly specify the situations in which disaster shall be announced along with the implications of disaster and the time frame required for migrating to DR,False,0,
The CSP shall plan all the activities to be carried out during the Disaster Drill and issue a notice to the Department at least two weeks before such drill,False,0,
The CSP should offer dashboard to monitor RPO and RTO of each application and database,False,0,
The CSP should offer switchover and switchback of individual applications instead of entire system,False,0,
Any lag in data replication should be clearly visible in dashboard and alerts of same should be sent to respective authorities,False,0,
"CSP is responsible for provisioning, securing, monitoring, and maintaining the hardware, network(s), and software that support the infrastructure and present Virtual Machines (VMs) and IT resources to the Government Department",False,0,
"On its part, the Government Department is responsible for the security of the “guest” Operating System (OS) and any additional software, up to and including the applications running on the guest OS",False,0,
"In case, the CSP provides some of the System Software as a Service for the project, CSP is responsible for securing, monitoring, and maintaining the System and any supporting software",False,0,
Government Department is responsible for securing and maintaining the Government Department application,False,0,
"The Data Center Facility shall at a minimum implement the security toolset: Security & Data Privacy (Data & Network Security including Anti-Virus, Virtual Firewall, Multi Factor Authentication, VPN, IPS, Log Analyzer / Syslog, SSL, DDOS Protection, HIDS / NIDS, Rights Management, SIEM, Integrated Vulnerability Assessment, SOC, Private Virtual Zones, Data Privacy, Data Encryption, Certifications & Compliance, Authentication & Authorization, and Auditing & Accounting)",False,0,
Meet any security requirements published (or to be published) by DeitY or any standards body setup / recognized by Government of India from time to time and notified to the CSP by DeitY as a mandatory standard,False,0,
DeitY and Government Department reserves the right to verify the security test results,False,0,
"In case of the Government Community Cloud, DeitY and Government Department reserves the right to verify the infrastructure",False,0,
Implement industry standard storage strategies and controls for securing data in the Storage Area Network so that clients are restricted to their allocated storage,False,0,
Deploy public facing services in a zone (DMZ) different from the application services,False,0,
The Database nodes (RDBMS) should be in a separate zone with higher security layer,True,1,"""higher security layer"" is vague and unquantified."
Ability to create non-production environments and segregate (in a different VLAN) nonproduction environments from the production environment such that the users of the environments are in separate networks,False,0,
Cloud offering should have built-in user-level controls and administrator logs for transparency and audit control,False,0,
"Cloud Platform should be protected by fully-managed Intrusion detection system using signature, protocol, and anomaly based inspection thus providing network intrusion detection monitoring",False,0,
"Cloud platform should provide Edge-to-Edge security, visibility and carrier-class threat management and remediation against security hazards like Denial of Service (DoS) and Distributed Denial of Service (DDoS) attacks, botnets, etc",True,1,"""Edge-to-Edge security"" and ""carrier-class"" are vague terms."
"Also, shall provide protection against network issues such as traffic and routing instability",False,0,
Access to Government Department provisioned servers on the cloud should be through SSL VPN clients only as against the public internet,False,0,
"Provision of private network ports to be connected to Government Department network for additional secure connectivity between Government Department network and the cloud through support for MPLS, Fiber, P2P links",True,3,"Unclear whether ports are required, supported links are optional, or both."
Virtual Machines should not have console access,False,0,
Cloud Service provider shall allow audits of all administrator activities performed by Government Department and allow Government Department to download copies of these logs in CSV format,False,0,
"Maintain the security features described below, investigate incidents detected, undertake corrective action, and report to Government Department, as appropriate",True,5,“as appropriate” leaves unclear when reporting is required.
"Deploy and update commercial anti-malware tools (for systems using Microsoft operating systems), investigate incidents, and undertake remedial action necessary to restore servers and operating systems to operation",False,0,
"Shall provide consolidated view of the availability, integrity and consistency of the Web/App/DB tiers",True,1,"“consolidated view” and “availability, integrity and consistency” are vague."
"CSP should enforce password policies (complex password, change password in some days etc)",True,1,“in some days” is vague and non-specific.
"Shall be contractually subject to all GoI IT Security standards, policies, and reporting requirements",False,0,
"The CSP shall meet and comply with all GoI IT Security Policies and all applicable GoI standards and guidelines, other Government-wide laws and regulations for protection and security of Information Technology",False,0,
Shall generally and substantially and in good faith follow GoI guidelines and CERT-In and DeitY Security guidance,True,1,“generally and substantially and in good faith” is vague.
"Where there are no procedural guides, use generally accepted industry best practices for IT security",False,0,
Information systems must be assessed whenever there is a significant change to the system’s security posture,False,0,
"Conduct regular independent third party assessments of the CSP’s security controls to determine the extent to which security controls are implemented correctly, operating as intended, and producing the desired outcome with respect to meeting security requirements and submit the results to DeitY and Government Department",False,0,
"In case CSP has industry standard certifications (assessed by a third party auditor) that verify compliance against the security requirements of the RFP, SLA & MSA, the results, relevant reports, certifications may be provided with evidence along with the mapping of the industry standard certification controls against the RFP requirements",True,3,“may be provided” makes the obligation and conditions unclear.
"However, if there are any requirements that do not fall under the industry standard certifications, the CSP shall get the Third Party Auditor to assess the the conformance to the requirements",False,0,
Provide an independent Security Assessment/Risk Assessment,True,1,Security Assessment/Risk Assessment is unclear whether one or both are required.
"DeitY reserves the right to perform Penetration Test; If the DeitY exercises this right, the CSP shall allow DeitY’s designated third party auditors to conduct activities to include control reviews that include but are not limited to operating system vulnerability scanning, web application scanning, and database scanning of applicable systems that support the processing, transportation, storage, or security of Department’s information",False,0,
Identified gaps shall be tracked for mitigation in a Plan of Action document,False,0,
CSP is responsible for mitigating all security risks found and continuous monitoring activities,True,3,continuous monitoring activities is unclear in scope and attachment.
All high-risk vulnerabilities must be mitigated within 30 days and all moderate risk vulnerabilities must be mitigated within 90 days from the date vulnerabilities are formally identified,False,0,
The Government will determine the risk rating of vulnerabilities,False,0,
"Shall provide access to the DeitY or their designee acting as their agent, when requested, in order to verify compliance with the requirements for an Information Technology security program",False,0,
DeitY reserves the right to conduct on-site inspections,False,0,
CSP shall make appropriate personnel available for interviews and documentation during this review,False,0,
"If documentation is considered proprietary or sensitive, these documents may be reviewed on-site under the CSP’s supervision",False,0,
"Shall provide vulnerability scan reports from Web Application, Database, and Operating System Scans or the services for the Government Department to run the vulnerability scan",True,3,or the services creates unclear alternative obligations.
Scan results (that fall under the scope of the CSP) shall be managed and mitigated in Plans of Action,False,0,
"All documents exclusively produced for the project are the property of the Government Department and cannot be reproduced, or retained by the CSP",False,0,
All appropriate project documentation will be given to Government Department during and at the end of this contract or at the time of termination of the contract,True,3,during and at the end or at termination creates unclear timing.
The CSP shall not release any project information without the written consent of the Government Department,False,0,
Any request for information relating to the Project presented to the CSP must be submitted to the Government Department for approval,False,0,
"CSP shall protect all Government Department data, equipment, etc, by treating the information as sensitive",False,0,
"Sensitive but unclassified information, data, and/or equipment will only be disclosed to authorized-personnel",False,0,
"The CSP shall keep the information confidential, use appropriate safeguards to maintain its security in accordance with minimum standards",False,0,
"When no longer required, this information, data, and/or equipment shall be returned to Government Department control, destroyed, or held until otherwise directed by the Government Department",False,0,
"DeitY has the right to perform manual or automated audits, scans, reviews, or other inspections of the CSP’s IT environment being used to provide or facilitate services for the Government Department through a DeitY's designated third party auditor",False,0,
"CSP shall be responsible for the following privacy and security safeguards: CSP shall not publish or disclose in any manner, without the DeitY’s written consent, the details of any safeguards either designed or developed by the CSP under the Agreement or otherwise provided by the GoI & Government Department; To the extent required to carry out a program of inspection to safeguard against threats and hazards to the security, integrity, and confidentiality of any non-public Government data collected and stored by the CSP, the CSP shall afford the DeitY logical and physical access to the CSP’s facilities, installations, technical capabilities, operations, documentation, records, and databases within 72 hours of the request",False,0,
"Automated audits shall include, but are not limited to, the following methods: Authenticated and unauthenticated operating system/network vulnerability scans; Authenticated and unauthenticated web application vulnerability scans; Authenticated and unauthenticated database application vulnerability scans",False,0,
"Automated scans can be performed by DeitY's designated third party auditors, using DeitY specified tools",False,0,
"If the CSP chooses to run its own automated scans or audits, results from these scans may, at the DeitY’s discretion, be accepted in lieu of DeitY performed vulnerability scans",False,0,
"In these cases, scanning tools and their configuration shall be approved by the DeitY",False,0,
"In addition, the results of CSP-conducted scans shall be provided, in full, to the DeitY",False,0,
Submission to regular audits: CSP will submit to regular audits commissioned by DeitY,False,0,
"The purpose of these audits will not only be to ensure conformance with the requirements stated in this RFP, but also to ensure that the implementation is executed in the best of ways to meet the requirements of DeitY",True,1,“in the best of ways” is vague and subjective.
These audits may be conducted by DeitY or DeitY's designated third party auditors,False,0,
CSP will cooperate fully with the auditor,True,1,“fully” is vague and lacks a concrete cooperation standard.
DeitY will inform the CSP of the short-comings if any after the audit is completed; and the CSP will respond appropriately and address the identified gaps,False,0,
IT Act 2000 (including 43A) and amendments thereof,False,0,
All services acquired under this RFP including data will be guaranteed to reside in India,False,0,
There shall not be any legal frameworks outside Indian Law applicable to the operation of the service (and therefore the information contained within it),False,0,
"A copy of the contract / MOU (excluding the commercials) between CSP & Government Department for the purpose of the project, aligned to the terms & conditions of the RFP, should be provided to DeitY, as and when requested by DeitY",False,0,
"DeitY has initiated the process of identification of the Standards, develop the necessary specifications, frameworks and guidelines including the guidelines for full-fledged empanelment of cloud service offerings with the help of a Cloud Management Office (CMO)",True,3,The sentence has unclear structure and multiple possible clause attachments.
The guidelines may also include continuous monitoring of the shared systems that can be leveraged by Government to both reduce their security compliance burden and provide them highly effective security services,True,3,“that can be leveraged” could modify systems or monitoring.
The provisionally empaneled cloud service offerings will have the option to comply with the full-fledged guidelines & standards as and when such guidelines / standards are published by DeitY to get the full empanelment within the timeframe given by DeitY,True,3,The clause structure makes the obligation and timeframe scope unclear.
CSPs should be prepared to submit the necessary artifacts and the independent verification within the timeframe determined by DeitY once the guidelines & standards are published by DeitY,True,3,“the independent verification” lacks a clear grammatical referent.
"CSP is responsible for all costs associated with implementing, meeting, assessing, documenting and maintaining the empanelment",False,0,
"The cost of meeting all requirements, getting empaneled and maintaining empanelment is the responsibility of CSP",False,0,
"If the CSP fails to meet the guidelines & standards as set by GoI within the timeframe set by DeitY, the Government Department reserves the right to terminate the contract and request to move to a different CSP that meets the mandatory guidelines & standards at no additional cost to Government Department",False,0,
"CSP shall not publish or disclose in any manner, without the Government Department’s written consent, the details of any safeguards either designed or developed by the CSP under the agreement or otherwise provided by the Government Department or Government of India",True,3,“either designed or developed” and the disclosure scope are syntactically unclear.
CSP shall adhere to the privacy safeguards as laid down by the DeitY and Government Department,True,5,“privacy safeguards” is undefined without the referenced standards.
"To the extent required to carry out a program of inspection to safeguard against threats and hazards to the security, integrity, and confidentiality of any non-public Government data collected and stored by the CSP, the CSP shall afford the DeitY or its nominated agency access to the CSP’s facilities, installations, technical capabilities, operations, documentation, records, and databases",False,0,
"If new or unanticipated threats or hazards are discovered by either the DeitY or Government Department, Government or the CSP, or if existing safeguards have ceased to function, the discoverer shall immediately bring the situation to the attention of CERT-In and the other party",False,0,
"Service Availability at the VM & Service Availability at the Storage Level (Measured as Total Uptime Hours / Total Hours within the Month) displayed as a percentage of availability up to one-tenth of a percent (eg 99,5%)",False,0,
Text description of major outages (including description of root-cause and fix) resulting in greater than 1-hour of unscheduled downtime within a month,False,0,
Help Desk / Trouble Tickets raised by the DeitY and / or Government Department,False,0,
Continuity and performance of the Services at all times including the duration of the Agreement and post expiry of the Agreement is a critical requirement of the Government Department,False,0,
"Further, CSP is also responsible for all activities required to train and transfer the knowledge to the Replacement Agency (or Government Department) to ensure similar continuity and performance of the Services post expiry of the Agreement",False,0,
"At the end of the contract period or upon termination of contract, CSP is required to provide necessary handholding and transition support to ensure the continuity and performance of the Services to the complete satisfaction of Government Department",False,0,
"CSP shall support the Government Department in migration of the VMs, data, content and any other assets to the new environment created by the Government Department or any Agency (on behalf of the Government) on alternate cloud service provider’s offerings to enable successful deployment and running of the Government Department’s solution on the new infrastructure",False,0,
"CSP shall certify the VM, Content and data destruction to the Government Department as per stipulations and shall ensure that the data cannot be forensically recovered",False,0,
CSP shall have the responsibility to support and assist the Government Department till the Department is able to successfully deploy and access the services from the new environment,False,0,
"During the exit/transition management process, it is the responsibility of the CSP to address and rectify the problems with respect to migration of the Department application and related IT infrastructure including installation/reinstallation of the system software etc",False,0,
"The ownership of the data generated upon usage of the system, at any point of time during the contract or expiry or termination of the contract, shall rest absolutely with Government Department",False,0,
"During the contract period, the CSP shall ensure that all the documentation required by the Government Department for smooth transition including configuration documents are kept up to date and all such documentation is handed over to the department during the exit management process",False,0,
"The CSP should configure, schedule and manage backups of all the data including but not limited to files, folders, images, system state, databases and enterprise applications as per the policy defined by DeitY or the Government Department",False,0,
The CSP shall be responsible for file system and database backup and restore services,False,0,
"As part of the responsibilities the CSP should: Perform and store data and file backups (process of duplicating the customers “tobe-backed-up” “Target Data”) consisting of an initial full back up with daily incremental backups for files; For the files, perform weekly backups; For the databases, perform a twice weekly full database backup, with a three times daily backup of database log files; Cloud platform should provide Encryption of all backup files and data and management of encryption keys as a service that can be enabled for Government Departments that require such a service",False,0,
Restore the requested data with the objective to initiate a minimum of 95 percent of the total number of restore requests per calendar month within a two hour timeframe for data that can be restored from a local copy,False,0,
Retain inactive versions of backed up flat files for 30 days and the last version of a deleted file for 60 days,False,0,
"Perform administration, tuning, optimization, planning, maintenance, and operations management for backup and restore",False,0,
"Provide and install additional infrastructure capacity for backup and restore, as required",False,0,
Perform backup on the next scheduled backup window in case of any scheduling conflicts between backup and patch management,False,0,
"In case of any disaster, the security posture of the DR site shall be identical to the posture provided in the DC",False,0,
"The disaster recovery site shall have the similar environment (physical & IT), processes, and controls (security, etc) as that of the primary DC.",False,0,
OCAC intends to avail a managed private cloud preferably for hosting “the Portal and its applications” at the Bidder’s DC/ BCP,True,5,“the Portal and its applications” and DC/BCP need external context.
The DC shall be at least an Uptime/ TIA 942 certified Tier-3 DC providing 99.982% services availability SLAs,False,0,
"The DC shall be well equipped with physical, logical, network and infrastructure security solutions, access protection systems including physical access control, and shall maintain the logs of the access",False,0,
"The DC shall be well equipped with intrusion detection & protection systems, firewalls, system management solutions & tools, back-up & restore solutions, monitoring tools, network load balancer for applicable servers and network layer security amongst others",False,0,
The DC shall have ability to scale up or down the servers/ compute resources on-demand/ as desired without significant down time,True,1,“scale up or down” and “on-demand/as desired” are vague.
"The compute infrastructure shall include the virtual machines, operating systems, application servers, database server, anti-virus solutions and system management & backup agents",False,0,
All the virtual machines should be auto scalable in terms of RAM and CPU,True,1,"""auto scalable"" is vague and lacks a precise interpretation."
The cloud platform should be enough intelligent to predict incoming load and assign resources to virtual machines dynamically without rebooting system,True,1,"""enough intelligent"" is vague and subjective."
Cloud platform should always allocate automatically resources against running load to handle sudden spikes,True,1,"""allocate automatically resources"" is awkward and unclear in scope."
"The cloud platform should provide high availability across virtual machines so that even if any host goes down, all guest virtual machines should be migrated to another host automatically",True,1,"""high availability"" is a vague qualitative term."
Cloud platform should support horizontal load balancing along with vertical,True,3,"""along with vertical"" leaves the intended load-balancing meaning incomplete."
Cloud provider should give a dashboard of all virtual machines to monitor allocated and used resources by the portal application,True,3,"""by the portal application"" has unclear attachment and responsibility."
Cloud dashboard should allow generating reports for trend analysis of system usage,False,0,
OCAC team should be able to get the console access of any virtual machines if require,True,5,"""if require"" is ungrammatical and obscures the condition."
There should be provision to generate historical reports of resources utilization,False,0,
"There should be admin panel to create, delete, start, stop, and copy virtual machines",False,0,
There should be provision to take snapshots of machines so that working images of testing/quality machines can be taken,True,3,"""working images"" and ""testing/quality machines"" are unclear in intent."
CSP would be responsible for Disaster Recovery Services so as to ensure business continuity of operations in the event of failure of primary DC and meet the RPO and RTO requirements,False,0,
RPO should be less than or equal to 15 minutes and RTO shall be less than or equal to 4 hours,False,0,
"However, during the change from Primary DC to DR or vice-versa (regular planned changes), there should not be any data loss",False,0,
There shall be asynchronous replication of data between Primary DC and DR and the CSP will be responsible for sizing and providing the DC-DR replication link so as to meet the RTO and the RPO requirements,False,0,
"During normal operations, the Primary DC will serve the requests",False,0,
The storage should be 100% of the capacity of the Primary Data Centre site,True,1,“100% of the capacity” is unclear about what storage quantity is required.
This requirement could be carried out manually subject to meeting RPO/RTO requirements,False,0,
"In the event of a site failover or switchover, DR site will take over the active role, and all requests should be routed through DR site",False,0,
The pre-requisite to route request to DR should be articulated properly and shared by service provider,True,5,“pre-requisite” and “articulated properly” depend on unstated process context.
"Whenever there is failover from primary DC to secondary (DR), compute environment for the application at DR site shall be equivalent to DC including all the security features and components of DC, without the failover components",True,3,“without the failover components” creates unclear scope for what is excluded.
Development/test/quality environment will not be required at DR site,False,0,
The bandwidth at the DR shall be scaled up to the level of Data Centre when DR is activated,False,0,
The CSP shall conduct live DR drill for two days at the interval of every six months of operation wherein the Primary DC has to be deactivated and complete operations shall be carried out from the DR Site,False,0,
"However, during the change from DC to DR or vice-versa (regular planned changes), there should not be any data loss",False,0,
The pre-requisite of DR drill should be carried out by CSP and OCAC jointly,True,5,“pre-requisite of DR drill” is unclear without context about the required activity.
Certificate for DR drill should be submitted to OCAC for compliance,True,5,It is unclear what certificate is meant and what compliance means here.
The CSP shall plan all the activities to be carried out during the Disaster Drill and issue a notice to the OCAC at least two weeks before such drill,False,0,
The disaster recovery plan needs to be provided by the service provider which needs to be updated half-yearly,False,0,
The service provider should offer dashboard to monitor RPO and RTO,False,0,
Service provider should enable the Purchaser to provision / change cloud resources from application programming interface (API),False,0,
The user admin portal should be accessible via secure method using SSL certificate,False,0,
The Purchaser should be able to take snapshot of virtual machines from provisioning portal,False,0,
The Purchaser should be able to size virtual machine and select require operating system when provisioning any virtual machines,False,0,
The Purchaser should be able to predict his billing of resources before provisioning any cloud resources,False,0,
The Purchaser should be able to set threshold of cloud resources of all types of scalability,False,0,
The Purchaser should be able to provision all additional storages required for cloud services,False,0,
The Purchaser should be able to provision any kind of resources either static or elastic resources,False,0,
The Purchaser should get list of all cloud resources from provisioning portal,False,0,
The Purchaser should be able to set the scaling parameters like in case of horizontal scaling,False,0,
The Purchaser should be able to set percentage / quantity of RAM consumption to trigger new virtual machines,False,0,
The Purchaser should be able to set percentage / quantity of CPU consumption to trigger new virtual machines,False,0,
The Purchaser should be able to set percentage / quantity of network bandwidth to trigger new virtual infrastructure,False,0,
"The Purchaser should be able to set port on which horizontal scaling will work, port refers to be service port (such as port 80, 443) which should not change in case of horizontal scaling",True,3,“port” and “service port” create unclear scaling target.
The Purchaser should be able to set minimum and maximum number of virtual machines which will be automatically provisioned as part of horizontal scaling to handle spike in load,False,0,
CSP should always ensure that data is destroyed whenever any cloud virtual machine is recycled or deleted,False,0,
The data destruction policy of CSP should be shared with the Purchaser within 15days after LoI,False,0,
CSP should clearly define policies to handle data in transit and at rest,False,0,
CSP should not delete any data at the end of contract period without consent from the Purchaser,False,0,
"In case of scalability like horizontal scalability, the CSP should ensure that additional generated data is modify/deleted with proper consent from the Purchaser",True,5,“additional generated data” and “modify/deleted” are unclear without context.
CSP should ensure secure data transfer between DC and DR site,False,0,
CSP shall put in place a system to prevent data leakage protection and prevention,True,3,“prevent data leakage protection and prevention” is logically unclear and redundant.
CSP should upgrade its hardware time to time to recent configuration to delivery expected performance for the Purchaser,True,1,“time to time” and “recent configuration” are vague qualitative terms.
"Investigate outages; perform appropriate corrective action to restore the hardware, operating system, and related tools",False,0,
CSP should manage their cloud infrastructure as per standard ITIL framework in order to deliver appropriate services to the Purchaser,False,0,
CSP should deliver cloud having method and system for real time detection of resource requirement and automatic adjustments,True,5,“deliver cloud having method and system” is too unclear to determine the requirement.
CSP must ensure that the virtual machine format is compatible with other cloud provider,False,0,
CSP should ensure connectivity to and from cloud resources of the Purchaser is allowed to/from other cloud service providers if required and approved by the Purchaser,False,0,
CSP must ensure that cloud virtual machine of the Purchaser is into separate network tenant and virtual LAN,True,3,“into separate network tenant and virtual LAN” has unclear intended relationship.
CSP must ensure that cloud virtual machines are having private IP network assigned to cloud VM,False,0,
CSP must ensure that all the cloud VMs are in same network segment (VLAN) even if they are spread across multi DC of CSP,True,3,“same network segment” across multiple DCs is logically unclear.
CSP should ensure that clouds VMs are having Internet and virtual network interface cards,True,3,“are having Internet and virtual network interface cards” is structurally unclear.
CSP should ensure that Internet vNIC card is having minimum 1 Gbps network connectivity and service vNIC card is on minimum 10 Gbps for better internal communication,False,0,
"In case of scalability like horizontal scalability, the Service provider should ensure that additional requirement of network is provisioned automatically of same network segment",True,3,“additional requirement of network” and “same network segment” are unclear.
CSP must ensure that public IP address of cloud VMs remains same even if cloud VM gets migrated to another DC due to any incident,False,0,
CSP must ensure that public IP address of cloud VMs remains same even if cloud VM network is being served from multiple CSP DC,True,3,“network is being served from multiple CSP DC” is logically unclear.
CSP must ensure that the public network provisioned for cloud VMs is redundant at every point,True,1,“redundant at every point” is vague and non-quantifiable.
CSP must ensure that clouds VMs are accessible from the Purchaser private network,False,0,
"CSP must ensure that there is console access to cloud VMs, if the Purchaser requires accessing it",False,0,
CSP should ensure that cloud VM network is IPV6 enabled and all public facing devices are able to receive and transmit IPV6 data in addition to IPV4,False,0,
CSP should have provision of dedicated virtual links for data replication between their multiple DC in order to provide secure data replication for DR services,False,0,
CSP should ensure use of appropriate load balancers for network request distribution across multiple cloud VMs,False,0,
"CSP should provide scalable, dynamic and redundant storage",True,1,"“scalable, dynamic and redundant” are vague qualitative terms."
CSP should offer to auto allocate more storage as and when required based on storage utilization threshold and also offer to provision from self-provisioning portal to add more storage as and when required by the Purchaser,False,0,
CSP should clearly differentiate its storage offering based on IOPS,False,0,
There should be standard IOPS offering per GB and high performance disk offering for OLTP kind of workload,True,1,“standard IOPS offering” and “high performance” are vague qualitative terms.
CSP should be able to give multiple option for IOPS/,True,5,“multiple option for IOPS/” is incomplete and unclear.
CSP should have block disk offering as well as file/object disk offering to address different kind of the Purchaser requirements,False,0,
"Tools for real time monitoring web site security Protection against defacement, hacking",True,3,The phrase fragments make the intended requirement unclear.
"Design should incorporate security features to protect the site from Session Hijacking, SQL injection, Cross scripting, Denial of Service (DDOS) etc",False,0,
Portal system should maintain a secure Password policy,False,0,
Portal system should be secured by using Intrusion detection system (IDS) and Intrusion prevention system (IPS) at network level,False,0,
Any unauthorized access / attempt shall be reported immediately,True,3,It is unclear who must report the unauthorized access attempt.
"The entire data-centre network shall have multiple levels of physical, logical, and network security systems for information protection including but not limited to IPSEC Policies, Firewalls, IDS / IPS protection Systems",False,0,
Portal and its security should be compliant with government of India guidelines issued from time to time,False,0,
CERT-IN Security Audit Certificate for the entire application and the action to be taken for compliance in every 6 months without failing,True,3,The sentence is fragmentary and unclear about the required action.
CSP should ensure there is multi-tenant environment and cloud virtual resources of the Purchaser are logically separated from others,False,0,
CSP should ensure that any OS provisioned as part of cloud virtual machine should be patched with latest security patch,False,0,
"In case, the CSP provides some of the System Software as a Service for the project, Service provider is responsible for securing, monitoring, and maintaining the System and any supporting software",False,0,
CSP should implement industry standard storage strategies and controls for securing data in the Storage Area Network so that clients are restricted to their allocated storage,False,0,
CSP should deploy public facing services in a zone (DMZ) different from the application services,False,0,
CSP should give ability to create non-production environments and segregate (in a different VLAN) non-production environments from the production environment such that the users of the environments are in separate networks,False,0,
CSP should have built-in user-level controls and administrator logs for transparency and audit control,False,0,
"CSP cloud platform should be protected by fully-managed Intrusion detection system using signature, protocol, and anomaly based inspection thus providing network intrusion detection monitoring",False,0,
CSP would be responsible for proactive monitoring and blocking against cyber-attacks and restoration of services in case of attacks,False,0,
The Cloud virtual machine provided by CSP should be provisioned on redundant physical infrastructure,False,0,
The cloud virtual machines should be auto-scalable in terms of RAM and CPU with minimum downtime and should be able to give redundancy based on the way the VM’s are provisioned,True,1,“auto-scalable” and “give redundancy” are vague qualitative requirements.
The Purchaser should be able to provision cloud virtual machine of any operating system like Linux and Windows,True,1,“any operating system like” is vague about supported OS scope.
"Without handover of entire data back to the Purchaser, CSP should not delete any data at the end of contract period without consent from the Purchaser",True,3,The opening clause creates unclear scope for the deletion prohibition.
CSP should provide facility to make template from virtual machines,False,0,
CSP should make provision to add any virtual machine as part of scalable infrastructure,False,0,
CSP should have provision to live migration of virtual machine to another physical server in case of any failure,False,0,
"CSP should deliver cloud having method and system for detecting, in real time, resource requirements of a system in virtual environment and automatic scaling of resource parameters to compensate resource requirement in a system",False,0,
"If a resource requirement is detected with any virtual machine, the automatic resource scaling system detects the type of resource to be scaled and scales the selected resource",False,0,
"Further, the resource may be scaled up or scaled down, based on the requirements",True,1,“based on the requirements” is vague and underspecified.
"Further, the scaled resource may be CPU, RAM, disk or any such resource",False,0,
"The proposed system helps to save space and power without compromising security, performance and accessibility",False,0,
CSP should give provision to monitor the network traffic of cloud virtual machine,False,0,
CSP should offer provision to analyse of amount of data transferred of each cloud virtual machine,True,5,Unclear whether it means analyze data amount or provide analysis capability.
CSP should provide network information of cloud virtual resources,False,0,
CSP should offer provision to monitor latency to cloud virtual devices from its data centre or the Purchaser should be able to set monitoring of latency to cloud VMs from outside,True,3,The clause after 'or' creates two different requirement interpretations.
CSP must offer provision to monitor network uptime of each cloud virtual machine,False,0,
CSP must make provision of resource utilization i.e CPU graphs of each cloud virtual machine,True,5,"Unclear whether 'resource utilization' means graphs, CPU graphs, or both."
CSP must make provision of resource utilization graph RAM of each cloud virtual machine,True,5,The phrase 'resource utilization graph RAM' is grammatically unclear.
There should be provision to set alerts based on defined thresholds,False,0,
There should be provision to configure different email addresses where alerts can be sent,False,0,
CSP must make provision of resource utilization graph as disk of each cloud virtual machine,True,5,The phrase 'graph as disk' is malformed and unclear.
There should be graphs of each disk partition and email alerts should be sent if any threshold of disk partition utilization is reached,False,0,
CSP should give provision to monitor the uptime of cloud resources,False,0,
The report should be in exportable form,True,1,'Exportable form' is vague about the required output format.
CSP must give provision to monitor the load of Linux/ Windows servers and set threshold for alerts,False,0,
CSP should make provision to monitor the running process of Linux/ Windows servers,False,0,
This will help the Purchaser to take the snapshot of processes consuming resources,False,0,
CSP must ensure that there should be historical data of minimum 6 months for resource utilization in order to resolve any billing disputes if any,False,0,
CSP must ensure that audit logs of scalability as horizontal and vertical is maintained so that billing disputes can be addressed,True,3,“scalability as horizontal and vertical” is logically unclear.
CSP must ensure that log of reaching thresholds used to trigger additional resources in auto provisioning are maintained,False,0,
CSP must ensure that there are sufficient graphical reports of cloud resource utilization and available capacity,True,1,“sufficient” is a vague qualitative threshold.
CSP should offer provision to monitor latency to cloud virtual devices from its DC or the Purchaser should be able to set monitoring of latency to cloud VMs from outside,True,3,The clause splits into two different monitoring obligations.
"CSP must provide utilization reports for Internet bandwidth, load balancers etc",False,0,
"APM should be able to provide overview of database server like Database details, version etc",False,0,
APM should be able to provide host details which are connected to database server,False,0,
APM should be able to provide session details of all active database sessions,False,0,
Monitoring & management of network link proposed as part of this solution,False,0,
"APM should be able to provide server configuration details (All configurations, Advanced Configurations, Reconfigure Configurations, and Memory Configurations)",False,0,
CSP must provide backup of cloud resources,False,0,
Backups should be maintained at both offsite and on-site locations in secure fire proof and environmentally controlled environments so that the backup media are not harmed,False,0,
"CSP should perform backup and restore management in coordination with the OCAC & procedures for backup and restore, including performance of daily, weekly, monthly, quarterly and annual backup functions (full volume and incremental) for data and software maintained on the servers and storage systems using Enterprise Backup Solution",True,3,"The phrase ""in coordination with the OCAC & procedures"" is structurally unclear."
"Backup and restoration of Operating System, application, databases and file system etc in accordance with defined process / procedure / policy",False,0,
"Monitoring and enhancement of the performance of scheduled backups, schedule regular testing of backups and ensure adherence to related retention policies",False,0,
"Ensuring prompt execution of on-demand backups & restoration of volumes, files and database applications whenever required",False,0,
"Real-time monitoring, log maintenance and reporting of backup status on a regular basis",False,0,
Prompt problem resolution in case of failures in the backup processes,True,1,"""Prompt"" is vague and admits multiple interpretations."
"Media management including, but not limited to, tagging, cross-referencing, storing (both on-site and off-site), logging, testing, and vaulting in fire proof cabinets if applicable",True,3,"The phrase ""if applicable"" leaves the vaulting requirement unclear."
Generating and sharing backup reports periodically,False,0,
Coordinating to retrieve off-site media in the event of any disaster recovery,False,0,
Periodic Restoration Testing of the Backup,False,0,
Maintenance log of backup/ restoration,False,0,
Cloud platform should provide Web Application Filter for OWASP (Open Web Application Security Project) WAF should be able to support multiple website security,True,3,The sentence merges two requirements without clear separation.
WAF should be able to perform packet inspection on every request covering all 7 layers,False,0,
WAF should be able to block invalidated requests,False,0,
WAF should be able to block attacks before it is posted to website,True,3,Unclear whether 'before it is posted' means before upload or before publication.
"WAF should have manual control over IP/ Subnet i.e, Allow or Deny IP/ Subnet from accessing website",False,0,
The attackers should receive custom response once they are blocked,False,0,
Must offer provision to customize response of vulnerable requests,False,0,
WAF should be able to monitor attack incidents and simultaneously control the attacker IP,False,0,
WAF should be able to Grey list or Backlist IP/ Subnet,True,4,'Grey list' and 'Backlist' are undefined/possibly misspelled terms.
WAF should be able to set a limit to maximum number of simultaneous requests to the web server & should drop requests if the number of requests exceeds the threshold limit,False,0,
"Monitoring of Web Applications/ portals and protect it from malicious mobile codes like computer viruses, worms, Trojan horses, spyware, adware, key-loggers and other malicious programs",True,3,"Missing subject and unclear whether this is monitoring, protection, or both."
The service should be Non-Intrusive in nature and should be offered for at least 50 URLs,False,0,
Malware Monitoring scanning should be performed on Daily basis,False,0,
If any malware is injected into Web Applications then immediate malware alert message is forwarded to the stake-holders,False,0,
Application Audit and Vulnerability assessment on weekly basis to ascertain if any corrective action needs to be taken in application based on any observations found in the scanning,False,0,
"Should be able to detect malicious code injection/ links, both known and unknown malware, Web-page tampering, various zero-day browser exploits etc",False,0,
"Should be able to identify the malware source, malware threat area and coverage, encoded Java Script and VB script and should not rely on pattern/signature-based technology",False,0,
Should be able to identify applications running on non-standard ports,False,0,
"Should have configurable scan intervals (frequency), Configurable notification, alerting and reporting options, Configurable “whitelist” option for allowed links, Configurable scan schedules and on‐demand scans",False,0,
Should have Real-time instant alerting upon detection of malicious behaviour (Email or SMS),False,0,
Should have detailed remediation recommendation guidance including step by step instructions on how to address the threats captured,False,0,
Should have On demand Vulnerability Scanning without user intervention,False,0,
Should Perform a targeted scan (i.e check for a specific set of vulnerabilities or IP Addresses),False,0,
"Should be able to conduct vulnerability assessment for all operating systems and their versions including but not limited to: Windows, AIX, UNIX, Linux, Solaris servers etc",False,0,
Should be able to perform authenticated and unauthenticated scans,False,0,
Should be able to detect weak password,False,0,
"Should be able to identify out-of-date software versions, applicable patches and system upgrades",False,0,
Should Flag the presence of any blacklisted software,False,0,
"Should be able to perform on demand Application Audit for all types of websites including AJAX, WEB2.0, and obfuscated Java Script etc",False,0,
CSP would be required to provide SMS (Short Message Service) services required to send and receive SMS to end users of the portal as per business requirements of the portal application,False,0,
SMS to be provided as a service by the Vendor either directly or through a service provider,False,0,
E-mail services to send e-mails with rich content to end users of the portal as per business requirements would be required to be provided by the service provider,False,0,
E-mails sent to end users would be required to be stored for reference,False,0,
"E-mails services are required to receive and send e-mails related to support, help etc from end users of the portal",False,0,
CSP should provide for e-mail and SMS data archiving and backup,False,0,
"Bidders would not be allowed to downscale the infrastructure below this initial level, however, in order to utilize the benefit of cloud infrastructure, The Purchaser could upscale or downscale infrastructure if the monthly average number of concurrent users are higher or lower than the yearly projected ranges",False,0,
These would be done through the provisioning portal and reports for resource utilization,False,0,
"Based on the optional rates, being obtained in this RFP, the cost of infrastructure resources being upscale or downscale in such cases, would be added or reduced to / from the quarterly payments on pro-rata basis",False,0,
All web forms; dashboard and static pages end-to-end response time for the page load including the rendering time shall not be more than 10 seconds,False,0,
Any page taking more than 10 seconds shall be considered as non-responsive form shall be considered as a defect,True,3,Missing punctuation obscures whether 'non-responsive form' is the defect.
This would be checked as part of the quality assurance / testing process,False,0,
Service Level requirements will be necessarily managed by the CSP using any tool by the service provider,True,3,Unclear whether 'any tool' means any CSP tool or any tool at all.
CSP will make this information available to authorised /Nodal personnel of the Purchaser through on-line browsing and also through hard copy of the report as per requirement,False,0,
The SLAs primarily would depend on infrastructure issues,True,1,'primarily' and 'infrastructure issues' are vague and underspecified.
The success of service level agreements depends fundamentally on the ability to measure performance comprehensively and accurately so that credible and reliable information can be provided to customers and support areas on the service provided,False,0,
"Service factors must be meaningful, measurable and monitored constantly",True,1,'meaningful' is a vague qualitative requirement.
Service level monitoring will be performed by the Service provider,False,0,
Reports will be produced as and when required and forwarded to the Purchaser,True,5,'as and when required' depends on unstated requester context.
"The Purchaser may request, in writing, about the need for a change in the solution",False,0,
"The bidder shall evaluate the change request of The Purchaser, and if the requested change would, in its reasonable opinion, involve additional work or time, the bidder shall convey in writing to The Purchaser the man-days effort required for the Change Request",False,0,
"The effort estimate, corresponding billable amount and planned delivery dates for the change required need to be discussed and mutually agreed in writing",False,0,
"The Bidder shall provide a detailed Project Plan consisting of (but not limited to) the resource allocation, ownership, responsibilities, risks and mitigation strategies, schedule and milestones, deliverables, sign-off criteria, requirements / inputs from The Purchaser etc",False,0,
The Bidder shall communicate to The Purchaser as per mutually agreed periodicity project governance reports for monitoring the project,False,0,
"The Purchaser expects the Bidder to provide hosting of “the Portal/ Website/ application” at their DC along with necessary Hardware, Software, Networking Equipment and Solutions and Manage the DC Operation.",True,3,“their DC” and “Manage the DC Operation” have unclear referents and scope.
This Part of the RFP describes the Cloud Technology and related Professional Services Deliverables which will be incorporated into the final Master Agreement,False,0,
The Supplier shall meet and implement all RFP requirements,False,0,
OECM requires that the Proponent has a clear and comprehensive understanding of the RFP requirements (Part 2 – The Deliverables and Part 4 – Master Agreement Structure and Management),False,0,
The Proponent will be required to indicate their agreement accordingly in the Form of Offer in the Qualification Envelope on OTP,True,3,“accordingly” and “on OTP” leave the required agreement action unclear.
"Current Cloud Computing Environment OECM Customers have various plans to use Cloud Computing Technology and Related Professional Services and are in various stages of implementing suitable cloud computing solutions that are applicable to their requirements, contributing to Customer’s overall information communication technology management, and to support Customers in teaching, learning and general administration",False,0,
"Customers may have already adopted a hypervisor (Hyper-V, XenServer, VMware, Nutanix etc) within their cloud environment",False,0,
"The overall objective of adopting cloud computing services is to adopt a service-oriented approach to provide an agile enterprise IT environment where common infrastructure and services can be shared, reused and provisioned on demand to meet business needs, while achieving cost savings",False,0,
"The cloud computing framework, as illustrated below, provides a high-level overview of the key functional components for Customer’s Cloud Computing Technology",False,0,
The Supplier shall provide all RFP requirements for the Category being proposed,False,0,
The Proponent may submit a response for Category A only,False,0,
"Deliverables for Category B – Professional Services, Section 2,3 will not apply",False,0,
The Proponent may submit a response for Category B only,False,0,
"Deliverables for Category A – Cloud Computing Technology, Section 2,2 will not apply",False,0,
The Proponent may submit a response for both Category A and B,False,0,
All Deliverables outlined in the RFP will apply,False,0,
Deliverables include a broad range of cost-effective Products and Services to meet the Customer’s requirements,True,1,broad range and cost-effective are vague qualifiers.
"Products and Services are divided into the following two (2) categories: a) Category A – Cloud Computing Technology; and, b) Category B – Professional Services",False,0,
"For Public Cloud Services, specifically, Infrastructure as a Service (IaaS) and Platform as a Service (PaaS),qualified Suppliers must be able to supply both Infrastructure as a Service (IaaS) and Platform as a Service (PaaS) Products, as defined by National Institute of Standards and Technology (NIST)",False,0,
"Cloud computing is defined by the NIST as a model for enabling ubiquitous, convenient, on-demand network access to a shared pool of configurable computing Products (as, networks, servers, storage, applications, and services) that can be rapidly provisioned and released with minimal management effort or service provider interaction",False,0,
"Additionally, Cloud Computing includes the following five essential characteristics: on-demand selfservice, broad network access, resource pooling, rapid elasticity or expansion and measured service",True,1,rapid elasticity or expansion is a vague characteristic.
The Supplier shall provide Services that meet the following Cloud Computing essential characteristics as defined by NIST: (a) On-demand self-service; (b) Broad network access; (c) Resource pooling; (d) Rapid elasticity; and (e) Measured service,False,0,
"For definition and description of each essential characteristic, please refer to NIST website",False,0,
The Supplier shall provide a broad range of both IaaS and PaaS Products that are available to meet the Cloud Technology needs of Customers including but not limited to the following,True,1,broad range and including but not limited to are vague.
"Public cloud Infrastructure-as-a-Service (IaaS) products and services that provide the ability to provision processing, storage, networks, and other fundamental computing resources where organizations can deploy and run arbitrary software, which can include operating systems and applications",False,0,
The IaaS services may also be used in support of file services and other infrastructure-related functions,False,0,
The services must include all underpinning systems and infrastructure necessary to support the IaaS environment and to provide the Customer’s with technical support,False,0,
"The Supplier shall provide IaaS that meets the needs of Customers including but not limited to the following: (a) A managed network, storage, server and virtualization layer with managed technology refresh cycle; (b) Virtual machines, storage and bandwidth dynamically or on-demand, as required; (c) A secure, dual factor method of remote access which allows Customers to use the infrastructure; and (d) Appropriate patch management",False,0,
"The Supplier shall provide storage that meets the following requirements at a minimum: (a) Online, on-demand virtual storage for files and/or objects; (b) Ability to access and modify files and/or objects (data objects) stored via the internet; (c) Ability for Customers to perform a variety of commands on the files and/or objects (VIEW, COPY, MOVE, DELETE); (d) provide object storage services, defined as scalable, elastic storage where objects (files) are stored and retrieved via a web services API; (e) provide a tiered storage service in support of data backup and long-term archival; and (f) Sufficient bandwidth to transfer files and/or objects in and out of the provided infrastructure meeting Customer’s requirements",False,0,
"The Supplier shall provide scalable, redundant, dynamic computing capabilities or virtual machines",True,1,"“scalable, redundant, dynamic” are vague qualitative terms."
"The requirements include but not limited to the following: (a) On-demand virtual server instances; (b) Ability to dynamically allocate virtual machines based on load with no service interruptions; (c) Ability to copy or clone virtual machines for archiving, troubleshooting and testing; (d) Support a multi-tenant environment; (e) Central Processing Unit (“CPU”) processors and Graphics Processing Unit (“GPU”) that support 32-bit or 64-bit operations; (f) Supports various types of operating systems (Windows, LINUX) including specific distributions (Ubuntu, Windows Server 2008 R2, 2012/2012 R2 etc); (g) Various sizes of Random-Access Memory (“RAM”) meeting Customer’s requirements; (h) Various sizes of disk space meeting Customer’s requirements; and (i) Sufficient bandwidth to transfer files and/or objects in and out of the provided infrastructure meeting Customer’s requirements",False,0,
The Supplier shall provide virtual network that meet the following requirements at a minimum: (a) Ability to provision network resources on demand; (b) Ability to support a networked multi-tenant environment; (c) Network security boundaries separating different tenants; and (d) Ability to acquire public IP addresses on demand,False,0,
"Platform-as-a-Service (PaaS) Public cloud Platform-as-a-Service (PaaS) products and services that provide the ability to deploy onto the cloud infrastructure organization-created or acquired applications created using programming languages, libraries, services, and tools supported by the Supplier",True,3,The sentence is fragmented and its main requirement is unclear.
The PaaS services must include all underpinning systems and infrastructure necessary to support the PaaS environment and to provide the Customers with technical support,False,0,
"The Supplier shall provide Customer hosting Services including but not limited to the following: (a) Web application hosting in the cloud, enabling scalable, redundant and dynamic web hosting; (b) Central Processing Unit (“CPU”) processors and Graphics Processing Unit (“GPU”) that support 32- bit or 64-bit operations; (c) Supports various types of operating systems (Windows, LINUX) including specific distributions (Ubuntu, Windows Server 2008 R2, 2012/2012 R2 etc); (d) A variety database services; (e) Support Content Delivery Network (“CDN”) capabilities to provide balanced delivery of content Province wide; (f) Domain Name System (“DNS”) management; (g) Load balancer; (h) Database backup and restore; and (i) Sufficient disk space and data transfer bandwidth to meet Customer’s requirement",False,0,
"The Supplier is expected to possess the following experience and capabilities: (a) The Supplier must meet Ontario’s privacy legislation requirements during the Term of the Agreement; (b) Have demonstrated experience in provisions of proposed Services to organizations of similar size; (c) Have a minimum of three (3) geographically dispersed data centers within United States or Canada; (d) Have knowledgeable resources (technical expertise, project management) to support a variety of project specific requirements (migration) of participating Customers; (e) Provide Customers with reliable and scalable Services with robust data security; (f) Provide professional and timely customer service on questions and issues that arise from daily operations; (g) Work in a cooperative manner with Customers to provide savings resulting from operational efficiencies; and, (h) Must be ISO/IEC 27001 certified",True,1,"“reliable,” “scalable,” and “timely” are vague qualitative requirements."
The certification must cover all worldwide data centres,False,0,
The Supplier shall ensure it has sufficient security to protect its premises including data centers,False,0,
"The Supplier shall also ensure it complies with relevant IT security standards, policies and reporting requirements",False,0,
"Where the Supplier will maintain, access and view information that Customer considers as confidential (student profile), the Supplier shall sign confidentiality agreement with Customer, as required",False,0,
"In addition, the Supplier shall provide personnel security clearance if required by Customer",True,3,“if required by Customer” leaves the condition and scope of clearance unclear.
The Supplier shall adhere to the Customer’s System security policies and procedures,False,0,
"The commonly used Security frameworks are: (a) NIST (National Institute of Standards Technology) Cybersecurity Framework; (b) CIS (Center for Information Security) Controls v7; (c) ISO (International Standards Organization) 27001/27002 Cybersecurity Framework; (d) SOC (Systems and Organization Controls) 2/3 Auditing Framework; (e) CSA STAR level 2 (with certification performed by a CSA-accredited certification body); and, (f) COBIT (Control Objectives for Information and Related Technologies) Cybersecurity Framework",False,0,
The Suppliers’ host servers and backup servers shall be located on North American soil in a secure data center,False,0,
"The Supplier shall follow the Personal Information Protection and Electronic Documents Act (“PIPEDA”) requirements and adhere to encryption standards mentioned in section 2,5,5 of this Act",False,0,
The Supplier shall provide data management including but not limited to the following: (a) Data isolation in a multi-tenant environment; (b) Data remanence throughout the data life cycle; and (c) Security mechanism for handling data at rest and in transit,False,0,
"The Supplier shall provide a global status report page, which should be available online, to allow Customers access the latest and most accurate Services status (availability of network, server, virtual machine and database)",True,1,“most accurate” is a vague qualitative standard.
"In addition, the Supplier shall provide monitoring and regular updates to Customers in a timely fashion, as requested, on elements including but not limited to the following: (a) Catastrophes; (b) Order placement of the accounts; (c) Service failures; and (d) Actual time to repair",True,1,“timely fashion” is vague and lacks a clear standard.
"The Supplier shall provide additional backup Services to Customer as required (subscription backup services, offsite FTP server backup)",False,0,
"The Supplier shall have a well-defined disaster recovery and business continuity programs including processes, policies, and procedures related to preparing for recovery or continuation of Services",False,0,
OECM and its Customers may require the Supplier to provide information and /or elements about the Suppliers disaster recovery and business continuity plan,False,0,
The Supplier shall have a disaster recovery and contingency plan to ensure that data is recoverable and a business continuity plan to ensure the Software Platform can continue to be provided during a variety of circumstances,False,0,
The Supplier shall provide details on service levels that will form a part of the Agreement,False,0,
"This information must include, but not be limited to: (a) Disaster recovery plan with details concerning the strategy and time required for complete system recovery caused by server failure, power outage and loss of network connectivity at host location (alternative location, back-up and recovery of servers’ configuration); (b) Response time for fixes to bugs or performance failure related the functionality of software (minimum: within 24 hours); (c) A business resumption plan that details the actions for an orderly transition of information systems and resources from temporary conditions to normal operations and full services; and, (d) Representative expected or standard operational performance statistics with other Customers including projected system uptime, technical support response time, help desk response time, and accessible bandwidth to accommodate the Customer needs",False,0,
"The Supplier shall provide managed solutions to Customers as requested; the managed solution may include but is not limited to the following: (a) Off-site backup retention; (b) Operating System (“OS”) monitoring, patching, administration and security; (c) Incident Management; (d) Portal and cloud operations; (e) Scheduled backup and restore Directory services; and (f) Virtual machines and OS deployment",False,0,
The Supplier shall provide Customer customizable online tools (portal and/or interface) and Application Programming Interface (“API”) to enable Service provisioning and de-provisioning,True,1,“portal and/or interface” leaves unclear whether one or both are required.
"Customer may also use other methods (phone, fax, email) as needed to communicate on issues related to account management (new account setup, request for support)",False,0,
"During the Term of the Agreement, Customers may request other Services including but not limited to the following: (a) Bare metal servers; (b) Identity management; (c) Software as a Service (“SaaS”); (d) Access to CSP Marketplace; and, (e) Training related to Cloud; and, (f) CSP’s form of advisory and consultancy services",False,0,
"The Supplier should provide Customers supports on account setup at no costs, ensuring seamless transition and minimal service disruption",True,5,“supports” and “at no costs” are unclear about the exact obligation.
The Supplier will provide implementation and training plans to Customers prior to implementation as required,False,0,
Supplier will develop a Statement of Work (“SoW”) during finalization of the Customer- Supplier Agreement (CSA) to be included as an appendix to the CSA based on mutual discussion with the Customers,False,0,
"The SoW should include activities, estimated timeline, personnel and required Customer resources",False,0,
"The Supplier shall provide a variety of ways for Customers to order Products and/or Services including, but not limited to the following: a) Electronic Data Interchange (“EDI”); b) Email; c) Supplier’s online ordering process",False,0,
"d) Toll free phone; and/or, e) Via purchase order through the Customer’s system; Where applicable, Customers may need to perform integration testing on the Supplier’s online ordering system to ensure it is compatible with the Customers’ systems, policies and procedures at an additional cost to be mutually agreed an incorporated in the CSA (if required)",True,3,“at an additional cost to be mutually agreed an incorporated” is logically unclear.
The Supplier shall not have any minimum order value or volume requirements,False,0,
The Supplier shall acknowledge the receipt of an order by Customer immediately or within one (1) Business Day,True,3,“immediately or within one Business Day” gives two conflicting time requirements.
"The Supplier will include in this acknowledgement, any Product and/or Service ordered that cannot be fulfilled (back orders)",False,0,
"The Customer, at its sole discretion may: a) Cancel some or the entire order; b) Ask the Supplier to ship only available Products and cancel any backorders; and/or, c) Agree to an alternative delivery schedule based on anticipated Product availability",False,0,
"The Supplier shall accept new orders, order changes and/or cancellation as may be required based on Customer’s requirements, at no additional cost to the Customer",False,0,
Flexibility in invoicing processes is required,True,5,“flexibility in invoicing processes” is too vague to determine the requirement.
The Customer and Supplier can mutually agree to invoicing details when executing a Customer-Supplier Agreement (“CSA”),False,0,
"The Supplier shall, for Customers using Jaggaer, support cXML and/or portal invoicing functionality",True,3,support cXML and/or portal invoicing leaves unclear whether one or both are required.
"The invoices, in either paper or electronic format, as detailed in the Customer’s CSA shall be itemized and contain, at a minimum, the following information: a) Customer name and location; b) Customer purchase order number (if applicable) and order date; c) Description of Products and/or Services provided, quantities and Rates; and, d) HST and total cost",False,0,
The Customer’s common payment terms are net thirty (30) days,False,0,
"The Supplier shall accept payment from Customers by cheque, Purchasing Card, Visa Payables Automation (via ghost card) or Electronic Funds Transfer (“EFT”) at no additional cost to the Customer",False,0,
Different payment terms may be agreed to when executing a CSA (2%/10 early payment discount for Customers),False,0,
Note – Customer’s payment terms will not be in effect until the Supplier provides an accurate invoice,False,0,
"The Supplier shall provide the Customer with the necessary banking information to enable EFT, at no additional cost to the Customer, for any related invoice payments including, but not limited to: a) A void cheque; b) Financial institution’s name; c) Financial institution’s transit number; d) Financial institution’s account number; and, e) Email address for notification purposes",False,0,
"The Supplier shall provide effective support to Customers including, but not limited to: a) Providing a responsive account executive (with applicable back-up) assigned to the Customer to support their needs by providing day-to-day and ongoing administrative support, and operational support; b) Managing issue resolution in a timely manner; c) Complying with agreed upon escalation processes to resolve outstanding issues; d) Responding to Customer’s inquiries (to day-to-day activities) within one (1) Business Day; e) Ensuring minimal disruption to the Customer; f) Providing easy access to the Supplier (online, toll free telephone number, email, voicemail, chat or fax); g) Providing training/demonstrations, knowledge transfer, and no-cost educational events (webinars), if available; h) Establishing an ongoing communications program with the Customer (new initiatives, innovation, sustainability); i) Adhering to the Customer’s confidentiality and privacy policies (related to student’s private information); j) Providing written notice to Customers on any scheduled shut down that would impact services (inventory count, relocation of warehouse, website maintenance); k) Provide Customer reporting; l) Attending meetings with Customers, as requested; and, m) Additional project specific requirements",False,0,
"The Supplier should, at no additional cost, provide Customer’s transition support (setting up a Supplier’s account from the Customer’s current agreement/purchasing arrangement) with minimal service disruption",False,0,
"the Supplier should offer incentives to Customers to promote additional cost savings resulting from better operational efficiencies that may including, but not limited to: a) Increased online ordering including electronic commerce; b) Use of Purchasing Card (“P-Card”) for immediate payment; c) Early payment discount for Customers; d) Support for excess inventory; e) Higher volumes; and, f) Overall growth",True,4,may including is ungrammatical and obscures the intended requirement.
"In consultation with OECM, the Customer may negotiate specific details related to one (1) or more financial incentive",False,0,
The financial incentives the Supplier and Customer agree to shall be incorporated into the CSA and reviewed and adjusted (annually) as required and reported to OECM as part of the sales reporting,False,0,
The financial incentive to Customers can be reviewed and adjusted annually as required,False,0,
OECM and its Customers are committed to reducing their carbon footprint,False,0,
"The Supplier should keep Customers informed about any environmentally friendly processes, services, new technologies and/or green initiatives",True,1,"""environmentally friendly processes"" and ""green initiatives"" are vague qualitative terms."
"The Supplier should, in consultation with OECM, make any environmentally friendly processes, services, new technologies and/or green initiatives, related to the RFP Deliverables, available to Customers as required",True,3,"""as required"" leaves unclear when or by whom the items must be made available."
Social Procurement OECM and its Customers are committed to social procurement,False,0,
The Supplier should keep OECM and Customers informed about social procurement processes,False,0,
"The Supplier shall obtain all licences, right to use and approvals required in connection with the supply of the Products and provide them at Customer and OECM request",False,0,
"The costs of obtaining such licences, right to use and approvals shall be the responsibility of, and shall be paid for by, the Supplier",False,0,
"Where a Supplier is required by Applicable Law to hold or obtain any such licence, right to use and approval to carry on an activity contemplated in its Proposal or in the Master Agreement, neither acceptance of the Proposal nor execution of the Master Agreement by OECM shall be considered an approval by OECM for the Supplier to carry on such activity without the requisite licence, right to use or approval",False,0,
The Supplier should ensure Workplace Hazardous Materials Information System (“WHMIS”) Safety Data Sheets (“SDS”) are onsite as required,False,0,
"Additionally, the Supplier should provide the Customer’s personnel WHMIS training, as it relates to the Products and equipment, in accordance with the Ontario Occupational Health and Safety Act",False,0,
The Supplier should provide the Customer with online access to SDSs,False,0,
"If there are any changes or updates to the SDS, the Supplier should update the documents within twenty-four (24) hours and provide notification to the Customer that the SDS has been update",False,0,
OECM and its Customers are committed to the highest possible standards for accessibility,True,1,"""highest possible standards"" is a vague, unquantified quality claim."
"The Supplier must be capable to recommend and deliver, as appropriate for the Deliverables, accessible and inclusive Products and Services consistent with the Ontario Human Rights Code (“OHRC”), the Ontarians with Disabilities Act, 2001 (“ODA”) and Accessibility for Ontarians with Disabilities Act, 2005 (“AODA”) and its regulations in order to achieve accessibility for Ontarians with disabilities",False,0,
"In accordance with Ontario Regulation 429-07 made under the Accessibility for Ontarians with Disabilities Act, 2005 (Accessibility Standards for Customer Service), Customers have established policies, practices and procedures governing the provision of its services to persons with disabilities.",False,0,
"Bidder is required to supply, install, configure, test and commission the required Hardware and software compute (inclusive of all active and Passive components and sub components) as per the technical and functional specification mentioned in the RFP document to successfully run the services envisaged",False,0,
"The licenses procured by the selected bidder should be in the name of Department of Science and Technology, Government of Gujarat valid perpetual for life",True,4,“valid perpetual for life” is grammatically unclear and obscures the intended duration.
"The proposed solution should seamlessly integrate with, the existing GSDC Infrastructure",False,0,
2x10G FC uplinks from Network and SAN switch of the existing GSDC will provided to the bidder for integration of the cloud environment in co-ordination with existing DCO and composite Team of GSDC,True,4,Several grammatical errors make the required action hard to parse.
The details of existing GSDC infrastructure is provided in the “Annexure-A” to this Document,False,0,
"The bidder should provision the required hardware and software components which include Cloud Management Software, Cloud Management Server, Virtualization Layer, Servers, Physical Server management Module, Networking components like LIU, L2/L3 switch, SAN Switch, etc, with appropriate licenses perpetual for life",False,0,
"The Bidder has to ensure that if any additional component(s) required for overall solution to comply with the SLA levels, then in such case it should be the responsibility of the bidder to provide the same as a part of the entire solution",False,0,
The compute power of management layer of cloud solution should not use more than 10% of the total compute power of the entire cloud solution,False,0,
The management layer should be built with redundancy,False,0,
The architecture needs to be scalable to meet future demand,True,1,“scalable” is a vague qualitative term without a clear threshold.
"The selected bidder is required to submit the certification from the OEM of the proposed solution confirming successful implementation, testing, commissioning and satisfactory deployment of the proposed solution based on the industry best practices as a part of FAT",False,0,
"DST/GIL or its authorised representative will conduct the Final Acceptance Test (FAT); FAT shall be considered completed successfully upon completion of: All the required activities like supply, installation, testing, commissioning of the proposed solution as per the RFP/Contract agreement, Successful deployment of 5 (five) applications identified by the DST/GIL on the proposed cloud environment or on completion of 4 months from the date of successfully completion of Point ‘a’ above, whichever is earlier",True,3,The FAT completion condition mixes alternatives and references an undefined point a.
The Bidder shall ensure that the products quoted should not be declared “End of Production” for next 2 years and “End of support” for the next 7 years by the OEM from the date of bid submission,False,0,
"However, if OEM declares any equipment as end of support for any reasons, then in that case OEM has to replace that equipment with better or equivalent products without any cost to DST/GoG",False,0,
"OEM has to also submit on their letter head, complete details on the support available for the equipment, their end of support dates and replacement model if any",False,0,
"The support including spares, patch updates, for the quoted products shall be available for the entire period of the Project without any additional cost",False,0,
The bidder is required to provide back to back OEM support (24 x 7 x 365 days) for the period of 5 years from the date of successful completion of FAT,False,0,
The entire deployed solution should be covered under the back to back OEM warranty till successful completion of FAT,False,0,
Bidder shall be responsible for operation and maintenance of the cloud infrastructure for the period of 6 (six) months commencing from the date of successful completion of FAT,False,0,
On completion of O&M period bidder is required to hand over the entire operation and maintenance work to the DCO Team of GSDC/any other agency appointed by DST/GIL,False,0,
"During the O&M period of 6 months, selected bidder is responsible for the following indicative list (but not limited to) of activities",False,0,
"The bidder should ensure that any vulnerability or security advisory, as notified by CERT-IN or OEM should be fixed/complied as per SLA",False,0,
"The Bidder should regularly keep track of such notifications, and intimate concerned authority at GSDC and DST/GIL immediately",False,0,
Hosting of various departmental application on Cloud infrastructure as per the direction of DST/GIL,False,0,
Ensuring required configuration for maintaining virtual IP and switch where the VM’s would communicate,True,3,Unclear whether 'switch' means network switch or switching action.
The bidder shall ensure that the Cloud Management portal is integrated with the existing helpdesk service of GSDC,False,0,
The call logging should be done from the existing centralised helpdesk of DST/GIL and proceed towards resolution/closure within defined SLA,False,0,
The bidder needs to prepare checklist which is to be used or filled by the various line departments/board/corporations for services that would be hosted or migrated in GSDC Cloud infrastructure,False,0,
Bidder has to ensure that the application to be deployed does not disrupt the GSDC operations and affect other GSDC infrastructure in terms of performance and security,False,0,
"Configuration of server parameters, operating systems administration and tuning",False,0,
"Operating system administration, including but not limited to management of users, processes, resource contention, preventive maintenance and management of updates & patches to ensure that the system is up to date",False,0,
Re-installation in the event of system crash/failures,False,0,
"Maintenance of a log of the performance monitoring of servers including but not limited to monitoring CPU, disk space, memory utilization, I/O utilization, etc",False,0,
"Event log analysis generated in all the sub systems including but not limited to servers, operating systems, applications, etc",False,0,
Ensuring that the logs are backed up and truncated at regular intervals,False,0,
"Periodic health check of the systems, troubleshooting problems, analysing and implementing rectification measures",False,0,
Ensuring the upkeep of existing systems that would be reused and also incorporate necessary changes for new applications if any during the tenure of the contract,False,0,
"Identification, diagnosis and resolution of problem areas pertaining to the Cloud infrastructure and application and maintenance of assured SLA levels",False,0,
"Preparing, Implementation and maintenance of standard operating procedures for maintenance of the infrastructure based on the State’s policies",False,0,
"Backup of operating system, Virtual Machines and application as per stipulated policies of GSDC",False,0,
"The Solution should be capable of on-demand deployment of compute, network and storage infrastructures automatically through an approval based system",False,0,
The Solution should be capable of decoupling applications and application infrastructure configurations,False,0,
"The Solution should be able to back-up and restore to a saved backup (OS level), if required",False,0,
"The Solution must offer ability to Copy, convert, or migrate an image (P2V, V2V)",False,0,
"The Solution should provide the monitoring capabilities for storage, processor, network, memory and applications running within the Virtual environment so as to ensure that the most important Virtual Machines get adequate resources even in the times of congestion",True,1,“adequate resources” is vague and lacks a clear threshold.
"The Solution should allow role based access for auditing, monitoring, metering etc",False,0,
The Solution should support VLAN isolation,False,0,
The Solution should be capable of orchestrating compute and storage resource placements based on flexible policies to maximize hardware utilization,False,0,
"The Solution should be able to abstract compute, network, and storage resources for the application and user self-service regardless of underlying server, network and storage in GSDC",False,0,
The Solution must support standards-based REST/SOAP/WSDL interfaces,False,0,
"Solution should support virtualizing Workloads like Database, Web Services, Application, etc",False,0,
"The solution should support dynamic memory/core allocation, movement of VM, which includes movement from one physical server to another and continuous availability of applications running in virtual machines in the event of physical host failure",False,0,
"The Solution should have the ability enforce policies, track and report non-conformance",True,3,"Missing subject makes enforce, track, and report obligations unclear."
The Solution should provide patch management capabilities such that it should be able to update patches on its own Virtualization Layer,False,0,
"The Solution should be able to run various Guest Operating Systems like Windows Client, Windows Server, Linux (Red Hat, Ubuntu, CentOS, etc)",False,0,
The Virtualized Infrastructure should be able to consume Storage across various protocols,False,0,
"The Solution should have customizable, intuitive Web portal for its users allowing user to create various service requests and its status",True,3,Unclear whether 'its status' refers to requests or users.
The bidder is required to include the service catalogue and Minimum 10 templates in the portal for the extension of Cloud services to other line departments of GoG,False,0,
"The Solution should be able to offer choice of various Service offering with an option to select Storage, memory and network requirement and quickly compute the overall infrastructure Quota for the tenant",False,0,
The solution should provide the capability to offer for customized service if the requirement is not available in the defined service catalogue,False,0,
The solution should have the provision to approve the logged service request by nominated members of DST/GIL/DCO Team,False,0,
The Solution should automate as well as manual provisioning of resources on approval from appropriate authority,True,3,"Unclear whether provisioning is automated, manual, or both."
Solution should allow/configure various workflow/hierarchy in the web portal,True,3,"Unclear whether allow and configure apply to workflow, hierarchy, or both."
solution should provide real-time resource availability status,False,0,
"Solution should able to generate various MIS reports like resource utilization report, client wise resource utilization report, availability reports of system components etc",False,0,
Solution should be able to provide logs with date and time stamp along with the user details pertaining to configuration level changes.,False,0,
Bidder is required to arrange for cloud-based infrastructure on Oracle Cloud Infrastructure (OCI) to host the said applications and databases,False,0,
"Infrastructure will include, but not limited to, server, security, network, storage, access of the solution through the internet",False,0,
"Licenses required for Operating system and database server etc, if any, pertaining to requirement of CGTSE’s business applications shall be procured by bidder as per the component rates mentioned in their respective commercial bids; the installation and implementation of all these licenses shall be the responsibility of bidder",False,0,
"During the engagement in case any additional software licenses are required under optional service rate contract, the same is to be arranged by the Bidder at rates agreed upon by CGTMSE with the OEM / license provider",False,0,
The responsibility of procurement and installation of these licenses will remain with the Bidder,False,0,
"Bidder has and will require to have all necessary licenses, approvals, consents of third Parties free from any encumbrances and all necessary technology, hardware, and software to enable it to provide the Services mentioned in this RFP",False,0,
"Infrastructure will include server/VMs, information security, network, storage, secured access of the solution through the internet",False,0,
The Bidder has to offer the Infrastructure through a managed cloud for hosting applications on Oracle Cloud Infrastructure services (Bidder shall be responsible in this arrangement and needs to indemnify trust for any loss or damage),False,0,
As per the current policies / requirement the data on Oracle Cloud Infrastructure (OCI) should be physically residing in India and bidder shall have to adhere by all the data compliance policies set by the government and/or relevant authorities including RBI and Ministry of Electronics and Information Technology (MEITY),False,0,
All these responsibilities will be of the bidder and CGTMSE will only deal with the bidder,False,0,
"Bidder and OCI shall be liable for any loss to CGTMSE due to data loss, data security lapse etc and shall be indemnifying the trust for the same",False,0,
The bidder will by the Single Point of Contact (SPOC) for all purposes of delivery as per scope of the project,False,0,
Making provision for computing resources (as agreed with OCI) in the cloud to handle the software delivered and its implementation,False,0,
There should be environments in the OCI to address requirements of CGTMSE,False,0,
Service Provider would be responsible for Disaster Recovery Services so as to ensure continuity of operations in the event of failure of primary data center to meet the RPO and RTO requirements,False,0,
The production system should be configured for high availability (in line with the RPO / RTO),True,1,high availability is a vague qualitative term.
The proposed cloud solution should be on multi-tier architecture and the web/app and database servers/VM should be different,False,0,
Data Centre (DC) and Disaster Recovery (DR) sites will be hosted in two different seismic zones and DR should be in lower seismic zone than of Data Centre location in India,False,0,
"Bidder will ensure the hosting continuity at agreed datacenters (DC and DR both) only, Bidder and Oracle both will not be authorised to move / shift the CGTMSE’s instances to any other data center without prior written permission from CGTMSE",False,0,
The Bidder will ensure all the licenses and instances on Oracle Cloud Infrastructure (OCI) are in the name of CGTMSE only,False,0,
The bidder will ensure that no liability arises on account of compromised data hosted in the cloud,False,0,
CGTMSE shall be indemnified from such liabilities,False,0,
The entire liability of such an incidence will be with the Bidder and OEM both,False,0,
"The entire cost of Implementation / Lift and Shift / customization / managed service efforts, if any, is required to be included in the Price Bid and CGTMSE will not pay any additional cost for such effort till user acceptance of the services is done",False,0,
"This includes customization of all statutory, Security, regulatory, and ad-hoc activity as required by CGTMSE",True,1,"all statutory, Security, regulatory, and ad-hoc activity is vague."
The Bidder shall also provide for all subsequent changes as are statutory in nature and prescribed by regulatory bodies from time to time,False,0,
Trainings on the cloud service must be provided to the internal IT Infra Team as per requirement of CGTMSE,False,0,
Bidder will deliver training content in digital form,False,0,
The date of managed service / warranty / AMC will start from the date of Go-Live of the services and is fully operational in/by CGTMSE and will continue for a period of five (5) years from Go-Live,True,3,"""fully operational in/by CGTMSE"" and the start date are unclear."
"During the managed service / warranty / AMC period, the Bidder will have to provide the Support for the Database, Cloud Instance and Any issue pertaining to OCI hosting and Databases, as and when required by the trust as part of contract",False,0,
"In addition, the service provider will be responsible for Cloud Service Provisioning Requirements, Data Management, Operational Management, Cloud Network Requirement, Cloud data center specifications, Cloud Storage Service Requirements, Application Hosting Security, Cloud Hosting Security, Backup Services, Licenses of Database and Operating Systems or any other software required for delivery of the services, antivirus, Database Support Service, and Helpdesk Support from Cloud Service Provider, Managed Services and cyber security",True,2,The long list has unclear scope and attachment of responsibilities.
"Bidder shall be providing various services like managed hosting (VM instances, storage, security), auto scaling, network firewall, patch management, server administration, database administration, back-up and restore services etc",False,0,
Data Migration (only when and where applicable) – Bidder has to arrange for migration of data from the current environment to the new environment,False,0,
"The Successful Bidder will be responsible for complete discovery, design, and provisioning of required IT infrastructure for hosting CGTMSE’s applications and database",False,0,
The Successful Bidder will examine the CGTMSE’s application landscape that needs to be hosted on cloud infrastructure,False,0,
This activity will enable the Bidder to gauge the Application workloads criticality & complexity before provisioning managed hosting services in cloud and the Network Connectivity required,False,0,
Bidder will study the existing application for mobility to cloud,False,0,
"The Successful Bidder shall be responsible for provisioning required compute infrastructure (server/virtual machines), storage and services for hosting",False,0,
Indicative basic requirement has been given in the commercial sheet attached hereby for better requirement understanding by the bidder,True,1,"""better requirement understanding"" is vague and non-verifiable."
"The Bidder shall be responsible for migration of the applications and database on the Cloud infrastructure, as required by trust",False,0,
"The application software, the necessary licenses for deploying applications ecosystem comprising of the above work streams, will be procured by bidder",True,3,Unclear whether bidder procures only licenses or also the application software.
Any additional licenses pertaining to Databases and Operating systems will be installed by the Bidder,False,0,
"The Bidder shall be responsible for provisioning of adequate Internet Bandwidth and connectivity at the DC & DR, including termination devices, for end users to access the applications",True,1,“Adequate Internet Bandwidth” is a vague qualitative requirement.
"The Bidder will be responsible for provisioning of requisite network infrastructure (including switches, routers and firewalls etc) to ensure accessibility of the servers as per defined SLA’s",False,0,
The Bidder shall provide backup solution and shall ensure zero data loss as per given RPO / RTO,False,0,
The Bidder shall be responsible for ensuring security of CGTMSE applications and databases from any threats and vulnerabilities,False,0,
"The Bidder shall address ongoing needs of security management including, but not limited to, monitoring of various devices / tools such as firewall, intrusion prevention/detection(IPS/IDS), content filtering and blocking, virus protection, even logging & correlation and vulnerability protection through implementation of proper patches and rules",False,0,
The SLA for the replication of data will be attributed to the Bidder,True,3,“SLA ... will be attributed” is unclear about responsibility or assignment.
The RPO and RTO shall be as per mentioned in this document,False,0,
Dedicated network connection between DC & DR / Private Link should be on basis of RPO and RTO,True,3,“on basis of RPO and RTO” does not specify the required connection criterion.
The infrastructure provisioned by the Bidder must be agile and scalable and shall allow CGTMSE to add/reduce cloud resources / computes / services on demand basis and the payment shall be made on actual usage basis,True,1,“agile” and “scalable” are vague qualitative terms.
"The service solution needs to provide the ability for CGTMSE IT Administrators to automatically provision the services via a Web Portal (Self Provisioning), provide metering and billing to monitor service assurance for maintenance & operations activities",True,3,The clause about metering and billing has unclear scope and attachment.
"The Bidder shall provision monitoring tools for measuring the service levels, application performance and utilization, server performance and utilization, storage performance and utilization and network performance and utilization",False,0,
"The tool shall be capable of providing the exact utilization of servers and shall be able to generate per day, per month and per quarter utilization reports based on which the payments will be made to the Bidder",False,0,
The Application development team/s from CGTMSE / the Application vendor will provide the related system configurations to the Bidder for integration with Cloud Services during the deployment of the applications on cloud,False,0,
Load balancer: Horizontal and vertical scalability should be enabled as multiple servers are to be proposed to be utilized as and when required basis under optional rate contract services,True,1,“as and when required basis” and “optional rate contract services” are vague.
The Cloud infrastructure and CGTMSE data must be maintained ONLY at the location of the identified Cloud hosting site,False,0,
Data can only be moved to other site / OCI facility within India in case of any emergency with prior approval of CGTMSE,False,0,
On acceptance of implementation plan by CGTMSE the Bidder shall implement the cloud solution and offer for testing,False,0,
"Migration of the application and database on the new OCI Cloud environment, Migration Testing and Production Migration both are to be performed in this phase",False,0,
Bidder will have to provide the complete plan of action activities wise – day wise plan of migration,False,0,
"Operational Acceptance activity shall start Post Go-Live, in this phase delivery validations will be done in a period of 30 days or up-to satisfaction of CGTMSE IT Vertical, in these 30 days bidder will ensure Hypercare support of hosted environments, applications and databases",True,3,“up-to satisfaction” and phase timing create unclear acceptance conditions.
M/s Oracle India Private Limited will depute a customer success manager who will be available throughout the project and will also help in this validation of delivery,False,0,
Operational Acceptance will only be provided after completion of Hypercare support 30 days post Go-Live and below criteria,True,3,“and below criteria” leaves the acceptance conditions incomplete.
Switch over of application from DC to DR as per defined RTO and RPO,False,0,
Switch over applications from DR to DC as predefined RTO and RPO,False,0,
Complete Data Replication and Reverse Data Replication as per RPO,False,0,
"Fully functional application while DR site is operational, taking into consideration the end user experience",False,0,
"The Bidder will have to facilitate Operation Acceptance during commissioning of the system (or subsystem[s]), to ascertain whether the system (or major component or Subsystem[s]) conforms to the scope of work",False,0,
Necessary support shall be provided by the application vendor of CGTMSE,False,0,
"After the Operational Acceptance has completed, the Bidder may give a notice to CGTMSE requesting the issue of an Operational Acceptance Certificate",False,0,
"Once deficiencies have been addressed, the Bidder shall again notify CGTMSE, and CGTMSE, with the full cooperation of the Bidder, shall use all reasonable endeavours to promptly carry out fullness of the System or Subsystem",True,5,“fullness of the System or Subsystem” is unclear and likely malformed.
"Upon the successful conclusion of the Operational Acceptance Tests, the Bidder shall notify CGTMSE of its request for Operational Acceptance, CGTMSE shall then issue to the service provider the Operational Acceptance, or shall notify Bidder of further deficiencies, or other reasons for the failure of the Operational Acceptance Test",True,3,The issuance clause mixes alternatives and unclear scope of CGTMSE's response.
"If the System or Subsystem fails to pass the Operational Acceptance Test(s) even after 3 unsuccessful attempts, then CGTMSE may consider terminating the Contract and if the Contract is terminated the Performance Bank Guarantee (PBG) will be forfeited",False,0,
The Bidder shall be responsible for providing 24*7*365 days managed support on DC and DR both (Within defined uptime window of VMs- mentioned in section “Computes at Primary Data Centre”) for CGTMSE’s Cloud infrastructure for 05 years from the date of issuance of operational acceptance by CGTMSE,False,0,
"Compliance process to the defined international standards and security guidelines such as ISO 27001, ISO 20000:1, for maintaining operations of cloud and ensuring privacy of CGTMSE data",False,0,
Ensuring Uptime and utilization of the cloud resources as per SLA’s defined in this RFP,False,0,
"In the event of a disaster at DC site, activation of services from the DR site is the responsibility of Bidder",False,0,
"The Bidder shall develop appropriate policy, checklists in line with ISO 27001 & ISO 20000 framework for failover and fall back to the appropriate DR site",False,0,
A full DR drills with reverse replication needs to be performed by the Bidder quarterly or CGTMSE proposed frequency to check disaster preparedness,True,1,“quarterly or CGTMSE proposed frequency” gives two possible schedules.
"The Bidder shall conduct vulnerability and penetration test on hosting environments (Virtual Machines, OS, Network, Network Appliances, Database, Middleware etc) at their cost (from a third-party testing agency which should be CERT-IN certified) on the Cloud facility every 6 months and reports should be shared with CGTMSE",False,0,
"The Bidder needs to update the system in response to any adverse findings in the report, without any additional cost to CGTMSE",False,0,
"Upgrades - Any required version / Software / Hardware upgrades, patch management etc at the Cloud Site will be supported by the Bidder for the entire contract period at no extra cost to CGTMSE",False,0,
"On expiration / termination of the contract, Bidder to handover complete data in the desired format to CGTMSE which can be easily accessible and retrievable",True,3,“desired format” and “easily accessible and retrievable” are unclear requirements.
MIS Reports - Bidder shall submit the reports on a regular basis in a mutually decided format,True,5,“mutually decided format” depends on unstated agreement context.
The Bidder shall workout the formats for the MIS reports and get these approved by the CGTMSE after awarded the contract,True,5,Unclear whether 'workout the formats' means create or determine the formats.
The rates offered for cloud services must be valid for entire contract/project duration,False,0,
No variation in the quoted rates shall be allowed during the contract period,False,0,
"CGTMSE will have liberty to order additional cloud service items, at the rates offered in the commercial bid and received quotation rate from Oracle or as per the procurement policy of CGTMSE",True,3,Unclear whether 'or' separates alternatives or combines pricing conditions.
CGTMSE reserves the right to scale down and scale up the IT infrastructure,False,0,
The payment would be made only on the actual usage of the IT infrastructure as per the rates provided by the Bidder in their Commercials and as per the payment terms mentioned in the RfP,False,0,
Project Schedule: A detailed week-wise timeline indicating various activities to be performed along with completion dates and resources required for the same,False,0,
Manpower Deployment List: A list needs to be provided with resources who will be deployed on the project along with the roles and responsibilities of each resource,False,0,
Communication Plan: Detailed communication plan indicating what form of communication will be utilized for what kinds of meeting along with recipients and frequency,False,0,
Necessary support will be provided by the application vendor of CGTMSE,False,0,
"Progress Monitoring Plan and Reporting Plan: Detailed Daily, Weekly, Monthly Progress Report formats along with issue escalation format",False,0,
The format will be approved by CGTMSE to the successful bidder before start of the project,True,3,Unclear whether CGTMSE approves the format or approves the bidder.
Standard Operating Procedures: Detailed procedures for operating and monitoring the Cloud site,False,0,
Risk Mitigation Plan: List of all possible risks and methods to mitigate them,False,0,
Escalation Matrix & Incident Management: A detailed list of key contact persons with contact details with escalation hierarchy for resolution of issues and problems,False,0,
"CGTMSE is currently planning to go for 4 VMs on DC and 4 on DR as per current requirement; However, CGTMSE may opt for more VMs or opt for upgrade of existing VMs in future for technological advancements, security, efficiency, better performance, new application adoption etc",False,0,
"Services shall be applicable to the all the VMs (Current and future both) hosted for production environment at Data Centre, DR Site (as and when becomes operational) and Test and Development environment at no extra cost to CGTMSE",False,0,
"Network and Security Management: Monitoring & management of network as part of the solution, Bandwidth utilization, latency, packet loss etc",False,0,
Call logging and co-ordination with vendors for restoration of links if need arises,False,0,
Redesigning of network architecture as and when required by CGTMSE,False,0,
"Addressing the ongoing needs of security management including, but not limited to, monitoring of various devices / tools such as firewall, intrusion protection, content filtering and blocking, virus protection, and vulnerability protection through implementation of proper patches and rules",False,0,
Ensuring that patches / workarounds for identified vulnerabilities are patched / blocked immediately,False,0,
"Ensure a well-designed access management process, ensuring security of physical and digital assets, data and network security, backup and recovery etc",False,0,
Adding/ Changing network address translation (NAT) rules of existing security policies on the firewall,False,0,
"Diagnosis and resolving problems related to firewall, IDS /IPS",False,0,
"Managing configuration and security of Demilitarized Zone (DMZ) Alert / advise CGTMSE about any possible attack / hacking of services, unauthorized access / attempt by internal or external persons etc",False,0,
"Bidder shall be creating SSL / IPSec VPN tunnel and create VPN user for CGTMSE IT Admins, User rights and security around the VPN access is to be managed and maintained by Bidder only",False,0,
"Administrative support for user registration, User ID creation, maintaining user profiles, granting user access, authorization, user password support, and administrative support for directory services etc",False,0,
Setting up and configuring servers and applications as per configuration documents/ guidelines provided by CGTMSE,False,0,
Installation/ re-installation of the server operating systems and operating system utilities,False,0,
"OS Administration including troubleshooting, hardening, patch/ upgrades deployment, BIOS & firmware upgrade as and when required/ necessary for Windows, Linux or any other OS proposed as part of this solution whether mentioned in the RFP or any new deployment in future",True,3,"Scope of ""as and when required/necessary"" and future OS coverage is unclear."
"Ensure proper configuration of server parameters, operating systems administration, hardening and tuning",False,0,
Regular backup of servers as per the backup & restoration policies stated by CGTMSE from time to time,False,0,
Managing uptime of servers as per SLAs,False,0,
Preparation/ updating of the new and existing Standard Operating Procedure (SOP) documents on servers & applications deployment and hardening,False,0,
"As mentioned earlier in this document that CGTMSE is currently using Oracle 11g (11,2,0,4) for application delivery over web browsers like IE, Chrome, Firefox etc",False,0,
"However, CGTMSE may opt for other database (such as MySQL / MSSQL etc) or opt for upgrade of existing database version (such as 11g to 19C or 21c) in future for the want of technological advancements, security, efficiency, better performance, new application adoption etc",True,1,"""better performance"" and similar qualitative terms are vague."
"So, the scope of this service mentioned hereunder shall be applicable to the currently used database tool as Oracle or any other database tool used by CGTMSE during the contract period for the delivery of applications under the scope of this tender",False,0,
"Services shall be applicable to the tools hosted in production environment at Data Centre, DR Site (as and when becomes operational) and Test and Development environment at no extra cost to CGTMSE",False,0,
"Installation, configuration, maintenance of the database (Cluster & Standalone)",False,0,
Regular health check-up of databases,False,0,
"Regular monitoring of CPU & Memory utilization of database server, Alert log monitoring & configuration of the alerts for errors",False,0,
"Space monitoring for database table space, Index fragmentation monitoring and rebuilding",False,0,
Performance tuning of Databases,False,0,
"Partition creation & management of database objects, Archiving of database objects on need basis",False,0,
"Patching, upgrade & backup activity and restoring the database backup as per CGTMSE plan / policy",True,3,Unclear whether this lists tasks or requires restoring backups only.
Schedule/review the various backup and alert jobs,False,0,
"Setup, maintain and monitor the ‘Database replication’ / Physical standby and Assess IT infrastructure up-gradation on need basis pertaining to databases",True,3,Unclear how 'Database replication' and 'Physical standby' relate grammatically and semantically.
Tuning of high cost SQLs and possible solution to application development team for tuning to achieve optimum database performance,False,0,
Database as a Service (Upscaling and downscaling of database as and when required by the trust; the rates of license pertaining to database shall be applicable according to the usage) Version Supports (Windows and Linux) and Monitoring,True,3,Unclear whether 'Version Supports' and 'Monitoring' are separate requirements or modifiers.
Database administration and Management (Oracle and MySQL as applicable),False,0,
Managed Database service should be capable of Compute scaling operations typically complete in a few minutes,False,0,
Managed Database service should have Storage scaling on-the-fly with zero downtime,False,0,
Manage Database service should have capabilities to create DB Clone (Production to Non-Production) / Replica with zero downtime,False,0,
Manage Database service should support automated backup with point-intime recovery for database instance,False,0,
Manage Database service will automatically replace the cloud instance powering your deployment in the event of a hardware failure,False,0,
"Manage Database service cloud instance running with encryption, data stored at rest in the underlying storage is encrypted, as are its automated backups, read replicas, and snapshots",False,0,
Manage Database service should have facility to notify via email or SMS text message of database events,False,0,
"Backup and Restore service are to be provided by Bidder as per requirement of CGTMSE, CGTMSE will share the backup plan / policy with selected bidder",False,0,
"Bidder shall hand-over database and applications backup copies Periodically to CGTMSE, CGTMSE will share the backup handover plan / policy with selected bidder",False,0,
"As mentioned earlier in this document that CGTMSE is currently using JBoss Server (Ver 5,0,1GA) as the web application server (Middleware) for application delivery over web browsers like IE, Chrome, Firefox etc",False,0,
"However, CGTMSE may opt for other middleware tools in future for the want of technological advancements, security, efficiency, better performance, new application adoption etc",True,1,“better performance” and similar terms are qualitative and undefined.
"So, the scope of this service mentioned hereunder shall be applicable to the currently used middleware tool as JBoss server or any other tool used by CGTMSE during the contract period for the delivery of applications under the scope of this tender",False,0,
"Service Provider shall extend the services through remote support for routine or less critical activities like parameterisation, minor patch and version upgrade, performance tuning, health check-up and log monitoring etc",False,0,
"However, for other major and critical activities which are of showstoppers in nature, on-site resource(s) should be deputed to take up/ address the activity/ issue",False,0,
"Depending on the location of DC or DR if resource is required to travel outside Mumbai/ Navi Mumbai/ Thane, CGTMSE shall bear the travel, boarding and lodging expenses of such resources as per the itinerary/ schedule approved by CGTMSE",False,0,
"Installation, Re-installation, Configuration, Parameterisation, patch and version upgrade, performance tuning",False,0,
"Coordination with application development team or CGTMSE IT Team for the identification and resolution of application delivery, performance, and integration related issues",False,0,
"Hardening of environment from security perspective by protecting/ encrypting the critical files containing database connection credentials, critical parameters, administration consoles etc",False,0,
"Coordination with respective OEMs for any unresolved issues, if any, in case CGTMSE has subscribed to support services like ATS from the OEM",False,0,
"SSL Certificate(s) deployment, configuration, and resolution of issues, if any, while accessing the application portal over https://",False,0,
SSL certificates procurement and subsequent renewals of the same shall be done by CGTMSE,False,0,
"However, generation of CSR and other necessary coordination for generation of SSL certificate shall be done by Service Provider",False,0,
"Fixing up security and other vulnerability issues, if any, brought out in the IS Audit Report and accepted by CGTMSE subsequent to IS Audit as and when done during the contract period",False,0,
Preventive and proactive monitoring including periodic log monitoring and health check-up,False,0,
CGTMSE’s hosted infrastructure should be secured by using Intrusion detection system (IDS) and Intrusion prevention system (IPS) at network level,False,0,
Bidder will have sole responsibility for fool-proof security of the application instances and needs to provision all tools / real time monitoring to ensure the security of the application,True,1,“fool-proof security” is vague and lacks a precise standard.
CGTMSE’s hosted infrastructures shall comply with ISO 27001 Information Security Standard,False,0,
CGTMSE’s hosted infrastructure shall have Authentication – Authorization – Access audit trails,False,0,
"CGTMSE’s hosted infrastructure shall be protected from security breaches, vulnerabilities",False,0,
All Service end-points-exposed over internet or internal shall be secured with at least 256 bits SSL Certificates (Certificates will be provided by CGTMSE),False,0,
"All Servers, Services, Applications / Software instances shall have hardened security and reviewed regularly",True,1,“hardened security” and “reviewed regularly” are vague.
"The entire data-center network shall have multiple levels of physical, logical, and network security systems for information protection including but not limited to IPSEC Policies, Firewalls, IDS / IPS protection Systems",False,0,
Data center and its security should be compliant with RBI / MEITY guidelines issued from time to time,False,0,
The bidder should ensure application penetration testing twice in a year (from a third-party testing agency which should be CERT-IN certified) and reports to be shared with CGTMSE,False,0,
Service provider should ensure that the cloud virtual resources of CGTMSE are logically separated from other tenants,False,0,
"VAPT in case of critical incident detection, Detailed report to be furnished to Client management on every VAPT cycle",True,3,The fragment leaves unclear what action is required and when.
Service provider should ensure that any OS provisioned as part of cloud virtual machine should be patched with latest security patch with prior approval of CGTMSE,False,0,
Service provider should implement industry standard storage strategies and controls for securing data in the Storage Area Network / Block / Object Storage so that users are restricted to their allocated storage,False,0,
Service provider should deploy public facing services in a zone (DMZ) different from the application services,False,0,
The Database nodes (RDBMS) should be in a separate zone (Preferably in private subnet only) with higher security layer,True,1,“higher security layer” is vague and lacks a clear measurable meaning.
Service provider should have built-in user-level controls and administrator logs for transparency and audit control,False,0,
"Service provider cloud platform should be protected by fully managed Intrusion detection system using signature, protocol, and anomaly-based inspection thus providing network intrusion detection monitoring",False,0,
Service provider would be responsible for proactive monitoring and blocking against cyber-attacks and restoration of services in case of attacks,False,0,
Remote Monitoring Services for all the hosted infrastructure on DC and DR both on 24x7 basis (365 days),False,0,
Guiding adherence on Change management cycle requirement & building up the process,False,0,
Antivirus policy management & guidance on incident management against critical threats,False,0,
"Backup policy & framework creation for CCTV footage, access management",False,0,
"Recommendations on Email security implementations, AD sync, rights management, IP binding, group management",False,0,
"Recommendation, comparison, and analysis for all the procurement impacting IT infra, IT Policy & IT security policy.",False,0,
The Bidder shall be the Original Equipment Manufacturer (OEM) or an Authorized Business Partner / System Integrator of OEM CSP,True,3,“OEM CSP” is unclear and could mean different entity combinations.
The Bids shall be submitted by the Bidder; no consortium is allowed in this Bid,False,0,
"The OEM/Bidder should also include the necessary backup software for web servers, Database servers and any critical production workloads in the solution and pricing as well",False,0,
The OEM/Bidder should also include the necessary software and tools license cost to help customer protect important services by coordinating the automated replication and recovery of protected instances at a secondary location,False,0,
"CSP should be empanelled for public Cloud, virtual private Cloud and Government Community Cloud by Meity",False,0,
CSP should be empanelled by Meity for backup and DR Services,False,0,
CSP should be able to provide the capability of using on premise licenses on the Azure Cloud,False,0,
CSP should be able to provide the facility of using the license on premise as well as Azure Cloud for a temporary duration,False,0,
"CSP should be able to provide academic licenses for the Services, Operating Systems (as Windows, RHEL, etc) and Software’s (as SQL Servers, etc)",False,0,
The Proposer shall provide to INFLIBNET Centre the ability to unilaterally provision and de-provision all the specific IaaS services contemplated by the proposal via Web Portal and Web Services Application Programming Interface (“API”); All the communication for these purposes should be secured at transport level using SSL / TLS,False,0,
The Proposer shall provide service availability (external connectivity) of at least 99.9% (measured as Total Uptime Hours / Total Hours within the month) for Azure Cloud services and virtual machines,False,0,
The Service Level Agreement (“SLA”) should be documented and monitoring mechanisms should be provided by the Proposer,False,0,
"CSP Primary DC, Backup and DR locations should be connected by NKN (National knowledge network)",False,0,
"The system should be modular and provide per hour/unit use based charges for the different components including but not limited to: VMs, Storage, Application and Network Load Balancer, VPN Gateways and firewalls and Content Delivery Networks (CDNs)",False,0,
It should be possible at any time to move the Virtual Machines back to the INFLIBNET Centre Datacenters; The vendor must help and highlight the necessary technical requirements for achieving this,False,0,
The Data Centre environment should have the highest security standards in accordance with Industry Best Practices for ensuring they are adhered to from time to time,True,1,“highest security standards” is vague and not objectively defined.
"The proposed Azure Cloud environment should provide flexibility to scale the environment vertically and horizontally: Vertically: Upscale/downscale the solution to higher configuration Virtual Machines (VMs with different combinations of CPU and Memory), Horizontally: Add more Virtual Machines of the same configuration in to a load balanced pool",False,0,
The entire hosting of the High Availability solution for primary application should be from India,False,0,
The Proposer shall manage the underlying hardware infrastructure and virtualization layer following the appropriate patch management and technology refresh cycles,False,0,
The Proposer shall provide mechanisms to enable data isolation and privacy in its environment,False,0,
"The OEM/Bidder should have the capability to provide various other services like Database, Cache, Search, Analytics, Mobile Backend, Queues, Tables, Backup, Identity Management, CDN, Client Application Analytics as a Service SLAs of minimum 99.5% availability",True,3,Unclear whether SLAs apply to all listed services or only the service bundle.
"Intelligent Data Platform: The Azure Cloud should include data warehouse, corporate BI, self-service BI, and machine learning capabilities for both structured & unstructured data and in on-premises, Azure Cloud, and hybrid environments User / administrative management",True,3,Phrase order makes unclear what capabilities apply to which environments.
The Proposer shall support multiple users with a management portal,True,3,Unclear whether multiple users are supported by or through the management portal.
The Proposer shall provide Billing / Invoice tracking through a web portal aggregated by user application and service at mutually agreed intervals,True,3,"Ambiguous grouping of aggregation by user, application, and service."
Service Provider should provide multi-factor authentication for accessing the Azure Cloud infrastructure and application,False,0,
"The OEM/Bidder should be able to provide unified Azure Cloud portal with capabilities to manage various other Azure Cloud services like Database, Cache, Search, Analytics, Mobile Backend, Queues, Tables, Backup, Identity Management, CDN, Client Application Analytics as a Service",False,0,
"The Proposer shall provide an API for each of the services that enables the development of complex automation solution for resource provisioning, configuration and de-provisioning",False,0,
"The APIs should be based on Interoperable Internet standard Technologies such as REST, HTTP, JSON, XML and SOAP",True,1,"The list mixes standards and protocols, making the requirement vague."
The Proposer shall provide API access to the infrastructure and complete documentation for all the APIs it offers,False,0,
"The Proposer shall support SDKs for this APIs for at least Microsoft net, Java and one major permissive free license development language, such as Python, PHP or Ruby",True,4,Grammatical error in 'this APIs' obscures the intended meaning.
Single Sign-on Authentication: Being able to offer Single Sign On is key among multiple Azure Cloud services and onpremises apps is key for employee productivity and IT management,True,4,Malformed sentence with repeated 'is key' obscures the requirement.
"The Azure Cloud should natively offers SSO among its Azure Cloud services, offers REST API for custom apps and federation and directory sync services with AD and other directories",True,4,Grammar error in 'should natively offers' obscures the intended requirement.
The Proposer shall have multiple Tier 1 ISPs peering at their datacenter / network,False,0,
The Proposer shall have IP v6 roadmap,True,4,Missing article makes 'have IP v6 roadmap' unclear.
"The Proposer shall provide flexible IP addressing that will support: DHCP, IP address and port assignment on external (public) interfaces, dedicated VPN connectivity between INFLIBNET Centre and the vendor and the ability to map INFLIBNET Centre owned domains to provider services addresses allowing services, sites and applications operating in the Proposer infrastructure to be viewed as INFLIBNET Centre URLs",False,0,
The Proposer shall provide scalable redundant and dynamic storage services,True,1,"""scalable"", ""redundant"", and ""dynamic"" are vague qualitative terms."
"The service will allow users to write, read, and delete an unlimited number of objects supporting a maximum object size of at least five (5) gigabytes of data",False,0,
The service will provide a mechanism to organize objects into containers that can be located on one or several geographical locations to optimize network access,False,0,
The service will offer a data access mechanism to manage access to containers and objects allowing them to be made public or private to specific users,False,0,
Pricing for the service should be divided on Storage and Bandwidth tiers using GB as measurement unit in case of the Storage and Bandwidth,False,0,
These tiers will present the different unit prices given the volume of monthly consumption,False,0,
"Additional Service Options, such as enhanced or reduced redundancy should be differentiated",False,0,
The Service provider will ensure there are at least 2 copies of data maintained automatically in primary datacenter to avoid any HW related failures,False,0,
"If INFLIBNET Centre chooses the DR, the provider will need to ensure 2 copies of data are also maintained on the DR side",False,0,
The service provider will provide an option to automatically keep a copy of data in a geo-redundant DC,False,0,
"The service provider should ensure data in transit from INFLIBNET Centre location to Azure Cloud, within primary and DR and data at rest is encrypted",False,0,
"Service provider should be able to provide high IOPS storage (more than 50,000) per VM Computing Services",True,1,"""high IOPS"" is a vague qualitative performance term."
"The instances should be able to support at least the following operating systems: Windows server 2012 or higher and Linux Enterprise distribution (such as Oracle/Ubuntu/CentOS/SUSE, etc)",False,0,
"The CSP should offer a secure Web administration interface, which must be provided to remotely administer the virtual instances: RDP for Windows instances and SSH for Linux instances",False,0,
"The service will allow users to copy or clone virtual machines images for archiving, troubleshooting, and testing",False,0,
The CSP will provide the ability to provision Block Storage capabilities for the virtual machine instances;These storages can be dynamically scalable and Virtual Machine instances should be able to mount it as OS drives,True,3,Unclear whether 'mount it as OS drives' applies to all or some instances.
Pricing for the Data Transfer will use GB as measurement unit and will be divided on tiers that will present the different unit prices given the volume of monthly consumption,False,0,
The Azure Cloud Service Provider should be able to offer autoscaling capabilities without manual interventions,False,0,
CSP should be able to provide PaaS capabilities on Advanced analytics,False,0,
"CSP should provide support to diverse application platforms through marketplace solutions - minimum are Tomcat, WordPress, Drupal, git, Hadoop, JBoss, Joomla, Liferay, Magento, Mantis, Memcached, NGinx, Ruby on Rails, Subversion, SugarCRM, X2CRM, SUSE Linux Enterprise Server, etc",False,0,
"CSP should provide GUI, API and Shell script based access to the Azure Cloud resources",False,0,
CSP should provide option of using 2 factor authentication out of box,False,0,
"CSP should support multiple DB through - minimum are MS SQL, MySQL, PostgreSQL, MongoDB",False,0,
The service should enable the creation of IPSEC VPNs between in-house hosts and Virtual Machine Instances in the IaaS provider Azure Cloud,False,0,
"The Proposer shall provide scalable redundant and dynamic network services meeting the following service requirements, options and units",True,1,"Vague terms 'scalable', 'redundant', and 'dynamic' lack precise meaning."
The service should provide a traffic management mechanism to implement both performance and availability based load balancing for virtual Machine Instances,False,0,
The service should provide controlled caching and geographic dispersion of static content to provide a Content Delivery Network (CDN) with edge locations on across continents,True,3,Unclear whether 'controlled caching' modifies CDN behavior or content placement.
The service will provide a secure Web administration interface to remotely administer all the network related services,False,0,
The service provider should provide an option of extending an MPLS to Azure Cloud,True,3,Unclear what 'extending an MPLS to Azure Cloud' specifically requires.
The services provider’s infrastructure should be protected against DDoS,False,0,
The solution must provide virtual network isolation capabilities among the virtual machines must support the use of private VLANs,True,3,Unclear whether two requirements are combined or one modifies the other.
The Proposer shall ensure availability of the following technical support 24*7 support over phone for Azure Cloud availability and service related queries from the INFLIBNET Centre,False,0,
"Option for purchase of specialized deep technical support (L3 or higher) related to deployment, configuration, management and commissioning of the Azure Cloud and IaaS services directly from the Azure Cloud services provider",False,0,
L1 & L2 or similar terminology used for support services should be given at the free of cost,True,4,"Phrase ""at the free of cost"" is ungrammatical and obscures meaning."
"General technical support related to usage of the Azure Cloud services to the end customer (can be provided by OEM/Bidder himself) including setting up of SSO, MSSQL, NoSQL database etc",False,0,
The CSP should publish the real-time status of all the services refreshed at least at a frequency of 5 min,False,0,
The DR automation software should be provided as a part of the overall DR-as-a-Service,False,0,
The software must be provided under a usage model or subscription model,False,0,
The CSP should be able to migrate the existing environment to the proposed Azure Cloud without any downtime and with no additional cost,False,0,
DR site should be available in India and remote location at least 750 KM apart from main Data Centre,True,3,Unclear whether India and remote location are both required or one location.
"RPO is 24 hours and RTO is 24~48 hours; Preferably the solution should not charge for live machines when DR is not being used DR Management Full automated process, Monitoring and alerting, Validation of DR sync",True,3,"Multiple clauses are run together, making the obligations unclear."
CSP should be able to provide (App Store) where INFLIBNET can pick first party and third party applications for ready deployment,False,0,
Also INFLIBNET should be able to publish own apps to app store,False,0,
"INFLIBNET Centre should be able to Download, deploy the marketplace solutions and should have options of BYOL/ Usage- based fee charging models",False,0,
OEM/Bidder should give managed services for 1 year which is extendable,False,0,
"The managed services should cover: Remote management of the current Azure Cloud environment on day to day basis, Involvement and assisting INFLIBNET Centre while performing Test DR failover on need basis, Involvement and assisting INFLIBNET Centre to raise trouble ticket associated with any issues, Involvement to train (free of cost) new INFLIBNET Centre employee`s related to the Azure Cloud, Involvement to assist INFLIBNET Centre to conduct planned DR or Unplanned DR failover in applicable scenarios as defined by INFLIBNET Centre",False,0,
"The managed service partner should have experience and orders delivering services like Infrastructure as a service, Platform as a service, Backup & Monitoring, DR services, Azure Cloud assessment, O&M operations and Data analytics on CSP platform",False,0,
Physical controls are in place to prevent customer data from leaving Azure Cloud datacenter premises,False,0,
"In particular, disk drives that are used for customer storage but must be removed (as hardware failure) are securely erased prior to their being returned to the manufacturer for replacement/repair",False,0,
"In the event that a defective disk cannot be fully erased, it is destroyed according to NIST 800-88 guidelines;The same is true for drives purposefully decommissioned",False,0,
"Solution should be scalable to provide multi security blocks like URL Filtering, Anti-Virus etc",True,1,“scalable” and “multi security blocks” are vague qualitative terms.
Security solution in Azure Cloud should be able to inspect traffic as it arrives or leaves the virtual network,False,0,
"Proposed security solution should have unified security management for Firewall policies, url filtering, anti bot, antivirus policy framework",False,0,
"Solution should have granular logging, reporting, audit and compliance management framework",True,1,“granular” is a vague qualitative requirement.
Proposed solution should provide multi-layer security in Azure Cloud to handle incidents related to intrusion and botnets,False,0,
Solution should be manageable from centralized management in either datacenter or Azure Cloud,True,3,“either datacenter or Azure Cloud” leaves the management location unclear.
The CSP should be able to publish the Azure Cloud services rate card in the portal for all the services,False,0,
The CSP should have an option to pay for the Azure Cloud services through bank transfer post the invoices being charged on actual uses basis,True,3,“have an option to pay” is unclear about who pays and how.
The Azure Cloud compute services should be charged on hourly basis and customer should be able to auto scale up or down based on their usage using the self-service portal,False,0,
Billing should happen pro-rate based on the usage,True,1,“pro-rate based on the usage” is vague and underspecified.
"The CSP should be able to bill storage capacity in units of the average daily amount of data stored, in gigabytes (GB), over a monthly period",False,0,
CSP should be able to offer discounts on the Azure Cloud services over the portal published pricing if customer decided to go with annual monetary commitments for Azure Cloud services,False,0,
CSP should offer the pricing (fixed) for Azure Cloud services support for minimum 3 years,False,0,
OEM/Bidder should be help migrating of our existing application from our DC to Azure Cloud Platform and viceversa.,True,4,Grammar error obscures whether 'help migrating' is the intended requirement.
"It is the intent of these specifications, terms and conditions to describe hybrid cloud services requested by the County",False,0,
The County intends to award a five-year contract to the bidder(s) selected as the most responsible bidder(s) whose response conforms to the RFP and meets the County’s requirements,False,0,
"Alameda County – Information Technology Department (ITD) is looking to implement a hybrid cloud solution consisting of compute, virtual storage, and virtual networking",False,0,
The system will exist on premises in ITD’s data center and can be integrated public cloud options,True,3,Unclear whether public cloud options are integrated or merely possible.
"The implementation will replace existing virtualized compute, standalone compute, and enterprise storage",False,0,
It will be a scalable implementation with capacity that can easily and quickly increase and decrease as needed,True,1,"Vague terms 'scalable', 'easily', and 'quickly' lack a clear measure."
Bidder shall be regularly and continuously engaged in the business of providing hybrid cloud and storage environments for at least three (3) years,False,0,
Bidder shall either be the manufacturer or certified dealer/reseller and implementer of the proposed product/service,False,0,
"Bidder shall possess all permits, licenses and professional credentials necessary to supply product and perform services as specified under this RFP",False,0,
Must be capable of 10GB connectivity,False,0,
Can be integrated with Cisco switching technologies on 10GB and 1GB,False,0,
Can integrate with existing CommVault backup solution,False,0,
Compatible with existing Trend AntiVirus and modern Endpoint Detection and Response (EDR) solutions,False,0,
Support for network Quality of Services (QOS),True,1,"""Quality of Services"" is a vague, nonstandard term here."
Provisioning requirements that exceed the capabilities of the environment shall have a maximum of 2 weeks for delivery,True,3,"Unclear what ""requirements"" and ""delivery"" refer to."
Must be able to adapt to evolving compute and storage use cases,True,1,"""Evolving"" and ""use cases"" are vague."
Persistent encryption for data at rest,False,0,
Must support Link Aggregation Control Protocol (LACP),False,0,
Must support policy based virtualized network microsegmentation (workload and security isolation),False,0,
Must have the ability to define resources classes and groups,True,4,"""resources classes"" is grammatically unclear."
Must have the ability to connect to at least 3 separate teamed networks in addition to the management connectivity,False,0,
Must have the ability to load balance workloads within the virtualization environment,False,0,
Must have the ability to clone Virtual Machines (VM)/expand VM groups on-demand for increased application performance,False,0,
"Must have the ability to adjust VM resources (CPU, RAM, & HDD) and connectivity configurations with little to no disruption to the running VM",True,1,"""little to no disruption"" is vague."
Must have the ability to VLAN tag VMs,False,0,
Must have support for Small Computer System Interface (SCSI) boot volumes,False,0,
Must have support for Windows VMs version 2008 and higher,False,0,
Must have support for Linux VMs,False,0,
Must have the ability to remotely connect to a VM’s console,False,0,
Must have the ability to interoperate with existing Brocade Storage Area Network (SAN),False,0,
Must have support for storage QOS,False,0,
Must have the ability to be partitioned based on Service Level Agreements (SLA)/Use case,True,1,"""partitioned"" and ""SLA/Use case"" are vague without a clear criterion."
Block/direct attached storage for Structured Query Language (SQL),True,5,"It is unclear what ""Block/direct attached storage"" requires for SQL."
Must have the ability to automatically move cold storage objects to the cloud,False,0,
Must include full NAS capabilities,True,5,"""full NAS capabilities"" is undefined and depends on missing context."
"Must have NAS support for different file systems (NFS, NTFS/CIFS, APFS)",False,0,
Must have the capacity to tolerate disruptions without affecting performance,False,0,
Must have the ability to deliver 99.99% uptime,False,0,
Must have the ability to easily migrate and/or replicate VMs to a public cloud and back on premise,True,1,"""easily"" makes the migration requirement vague."
Must have the ability to leverage a public cloud for failover/recovery,False,0,
Must be capable of seamless migration of guests between hosts,True,1,"""seamless"" is a vague qualitative requirement."
Automatic conflicting host resolution of running VMs,True,1,“conflicting host resolution” is unclear and could mean several different actions.
Dynamic host balancing based on resource usage/availability,True,1,“resource usage/availability” is vague and admits multiple interpretations.
Must have the ability to create snapshots/checkpoints either manually or via automation,False,0,
Centralized management console for all resources is preferred,False,0,
Remote management capable via WebUI,False,0,
Ability to define and modify resource templates,False,0,
Ability to automate resource provisioning,False,0,
Ability to bulk provision resources against defined templates,False,0,
Ability to automate static IP assignment,False,0,
Ability to execute post provisioning commands/processes,False,0,
Ability to dynamically assign hostnames and AD domain registration,True,3,“hostnames and AD domain registration” leaves unclear whether both are assigned dynamically.
Ability to Auto Start VMs,False,0,
"Support tenancy for self-service provisioning and management of all resource types: Compute/Virtualization, Block storage, NAS shares/volumes, Integrated cloud consumption",True,3,“Integrated cloud consumption” is unclear and the tenancy scope is uncertain.
Ability to define dedicated tenant resource pools,False,0,
Ability to provide role-based access to the management system,False,0,
UI can be secured by either 3rd party or native Privileged Access Management (PAM) solutions and/or Multi-Factor Authentication (MFA) solutions,True,3,Unclear whether either/or and and/or are inclusive or exclusive.
Live health status of all provisioned resources,False,0,
Ability to show high level and detailed resource usage trends,True,1,high level is vague and can mean summary or abstract detail.
Ability to map resource consumption and performance trends for the overall environment and tenants or groups,False,0,
Ability to report resources allocated and consumed by tenants or groups,False,0,
Ability to produce event/error logging by individual resources,False,0,
Ability to export analytical data for external consumption or have available APIs,True,3,"Unclear whether export, APIs, or both are required."
ìAbility to report Total Cost of Ownership (TCO) and Return on Investment (ROI),False,0,
Ability to report SLA delivery,True,3,SLA delivery is unclear: reporting delivery of SLAs or SLA compliance.
Flexibility with fixed purchasing or subscription/leased/consumption driven purchasing,True,3,Unclear whether flexibility applies to purchasing types or purchasing models.
Subscription/consumption driven procurements will adjust based on capacity consumed,False,0,
Capacity growth needs can be delivered within 2 weeks of cost acceptance,False,0,
Self sufficiency training is to be included from solution vendor(s),False,0,
"Vendor(s) will be responsible for implementing, maintaining, and evolving the proposed solution",False,0,
Underlying infrastructure is completely managed and supported by vendor partner,False,0,
Aging hardware is resolved by the vendor and does not incur additional fiscal commitments,False,0,
All software/firmware is managed by the vendor and must be current with security and product updates,False,0,
Dedicated vendor Technology Asset Management (TAM) to assist with complete environment support,True,1,complete environment support is vague and undefined.
24x7 technical support,False,0,
Tiered vendor support SLAs with maximum of 4 hour response time on severity A incidents,False,0,
Solution vendor provides primary support for the life of the contract,False,0,
"The bidders conference held on October 24, 2019 will have an online conference option enabled for remote participation",False,0,
Bidders can opt to participate via a computer with a stable internet connection,False,0,
"In order to get the best experience, the County recommends that bidders who participate remotely use equipment with audio output such as speakers, headsets, or a telephone",False,0,
Bidders may also attend this conference in person,False,0,
Provide an opportunity for Small Local Emerging Businesses (SLEBs) and large firms to network and develop subcontracting relationships in order to participate in the contract(s) that may result from this RFP,False,0,
Provide an opportunity for bidders to ask specific questions about the project and request RFP clarification,False,0,
Provide the County with an opportunity to receive feedback regarding the project and RFP,False,0,
The list of bidder conference attendees and vendor outreach will be released in a separate document,False,0,
Questions will be addressed in an RFP Question and Answer (Q&A) Report following the networking/bidders conference(s),False,0,
"Should there be a need to amend or revise the RFP, an addendum will be issued following the Networking/Bidders Conferences",False,0,
Potential bidders are strongly encouraged to attend networking/bidders conference(s) in order to further facilitate subcontracting relationships,False,0,
Vendors who attend a networking/bidders conference will be added to the Vendor Bid List,False,0,
"Failure to participate in a networking/bidders conference will in no way relieve the Contractor from furnishing goods and/or services required in accordance with these specifications, terms and conditions",False,0,
Attendance at a networking/bidders conference is highly recommended but is not mandatory.,False,0,
"For SureTech Solutions, a dynamic tech firm eager to harness the cloud's potential, our cloud infrastructure goals revolve around scalability, security, and innovation",False,0,
" We envision a cloud setup that effortlessly scales with our growth, handling surges in user traffic during peak hours and scaling down during quieter periods, ensuring cost-effectiveness and resource optimization",True,1,“effortlessly scales” and “resource optimization” are vague qualitative terms.
" Security is paramount; we need robust defenses against cyber threats, incorporating cutting-edge encryption and multi-factor authentication to protect sensitive data",False,0,
"Innovation is key; we aim for a cloud environment fostering rapid development and deployment of new applications, facilitating collaboration across global teams",True,1,“rapid development” and “fostering collaboration” are vague qualitative requirements.
" We're excited about leveraging AI and machine learning capabilities for predictive analytics, helping us anticipate market trends and customer needs",False,0,
Cost management is crucial; we seek transparent billing and efficient resource utilization to avoid unexpected expenses,False,0,
" Additionally, our cloud solution should support legacy systems integration, ensuring a smooth transition without disrupting existing workflows",False,0,
Environmental sustainability is also a priority,False,0,
" We aim for an energy-efficient cloud setup, reducing our carbon footprint and aligning with our corporate social responsibility goals",True,1,“energy-efficient” and “reducing our carbon footprint” are vague qualitative goals.
"Disaster recovery capabilities are essential, ensuring business continuity with minimal downtime in case of data breaches or system failures",True,1,“minimal downtime” is a vague qualitative threshold.
" We also require user-friendly interfaces for our non-technical staff, simplifying cloud management and reducing the learning curve",True,1,“user-friendly” and “non-technical” are vague qualitative terms.
"Moreover, we're interested in exploring cloud-based customer service solutions to enhance our client interactions and support services",False,0,
" We also aim to utilize cloud storage for large datasets, enabling efficient data analysis and sharing",False,0,
"Lastly, we are curious about edge computing possibilities, potentially reducing latency and improving performance for our users in remote locations",True,1,“potentially” and “improving performance” are vague and qualitative.
"As we, at GlitterTech Solutions, embark on our journey to the cloud, our primary aim is to ensure a seamless transition of our data and services to a cloud-based environment",False,0,
"We envision a cloud setup that is not only scalable but also highly available, meaning it can handle an increase in workload without faltering and is always accessible to our team and clients",True,1,“scalable” and “highly available” are vague qualitative requirements.
"Cost-efficiency is a key factor; we're looking for a model where we pay only for what we use, avoiding unnecessary expenses on unused resources",False,0,
Security is paramount; our cloud infrastructure must incorporate robust security measures to protect sensitive data from cyber threats,True,1,“robust security measures” is a vague qualitative phrase.
"This includes encryption, firewalls, and regular security audits",False,0,
"The ability to quickly recover from disasters, such as data breaches or system failures, is crucial, hence a solid disaster recovery plan is a must",True,1,“quickly recover” and “solid disaster recovery plan” are vague.
"We aim for our cloud infrastructure to support remote work, allowing our team members to access resources from anywhere, which requires a reliable and fast internet connection",True,1,“reliable and fast internet connection” is vague and qualitative.
"The cloud setup should offer a user-friendly interface, making it easy for our non-technical staff to navigate and use the cloud services",True,1,“user-friendly interface” is a vague qualitative requirement.
"We want to ensure smooth integration with our existing systems and software, minimizing disruptions during the transition",True,1,“smooth integration” and “minimizing disruptions” are vague.
"Data management is another critical aspect; we need effective tools for storing, processing, and analyzing large volumes of data",True,1,“effective tools” is a vague qualitative phrase.
This will help us in making data-driven decisions and improving our services,False,0,
"We also envision an environment where we can easily collaborate on projects, sharing files and resources effortlessly within the team",True,1,“easily” and “effortlessly” are vague qualitative terms.
"Moreover, we're looking for a cloud provider that offers strong customer support, ready to assist us whenever needed",True,1,“strong customer support” and “whenever needed” are vague.
"The flexibility to scale up or down based on our business needs is vital, as it will allow us to adapt to changing market conditions",True,1,“flexibility” and “scale up or down” are vague qualitative requirements.
"Lastly, while not directly related to infrastructure, we're keen on exploring cloud-based AI and machine learning capabilities in the future, to enhance our product offerings and gain a competitive edge in the market.",False,0,
"Cloudscape Innovations is looking to transition into the cloud, and here's our rough outline of what we think our cloud infrastructure should look like, though we're not tech experts",False,0,
"First, we want high availability because our customers rely on us around the clock, so the system should be up and running all the time, with minimal downtime",True,1,“high availability” and “minimal downtime” are vague.
"Scalability is key as well; we expect our customer base to grow, so the cloud should be able to handle increasing loads without a hitch",True,1,“Scalability” and “without a hitch” are vague.
"We also heard that cloud systems can save costs, which is great because we need to be budget-conscious",False,0,
Security is a big deal for us,False,0,
"Our customer data is precious, and we need to ensure it's safe from any kind of cyber threats",False,0,
"Also, there's talk about compliance and regulations; we need our cloud to be compliant with laws and regulations relevant to our industry",False,0,
It's important that our cloud provider has a good track record and is well-reviewed by others in our industry,True,1,“good track record” and “well-reviewed” are vague.
"We're also thinking about disaster recovery – in case something goes wrong, we need to be able to recover our data quickly",False,0,
Flexibility and customization are important too,True,1,“Flexibility” and “customization” are vague qualitative terms.
We want a cloud system that can adapt to our specific needs,False,0,
"We don't know much about public vs private clouds, but we want whatever is best for a company of our size and type",True,1,"“best” and “our size and type” are vague, comparative terms."
Integration is another big thing – we have existing systems and software that we'll need to integrate with the cloud,True,1,“another big thing” and “integrate with the cloud” are vague.
It should be user-friendly as well because not all of us are tech-savvy,True,1,“user-friendly” is a vague qualitative requirement.
"Lastly, we're thinking about future-proofing",True,1,“future-proofing” is vague and undefined.
We want a cloud system that won't become obsolete in a few years,True,1,“won't become obsolete in a few years” is vague.
It should be able to evolve with technological advancements,True,1,“evolve with technological advancements” is vague.
"There's also this idea of environmental sustainability – we've heard that some cloud providers are more eco-friendly than others, and we'd like to consider that",True,1,“more eco-friendly” is a vague comparative term.
"Oh, and we need good customer support from our cloud provider, someone who can guide us through the transition and be there when we need help.",True,1,“good customer support” and “when we need help” are vague.
"Blue Horizon Enterprises seeks to establish a robust cloud infrastructure that will enable efficient, secure, and scalable digital operations",True,1,"“robust,” “efficient,” “secure,” and “scalable” are vague qualifiers."
"The primary focus is on developing a system that supports remote work capabilities, ensuring that employees can access necessary resources from any location",False,0,
"A key goal is to implement a hybrid cloud solution, which combines the flexibility of public clouds with the control of private clouds, providing a balanced approach to data management and application deployment",False,0,
"To address growing data needs, we aim to integrate big data analytics into our cloud infrastructure",False,0,
"This will help in processing and analyzing large datasets, deriving insights to inform business decisions",False,0,
"Security is paramount; the plan includes robust cybersecurity measures like advanced firewalls, intrusion detection systems, and regular security audits to protect sensitive information",True,1,“robust” and “advanced” are vague qualitative terms.
"Disaster recovery strategies are essential, ensuring that in the event of a system failure, data loss is minimized, and operations can resume quickly",True,1,"“essential,” “minimized,” and “resume quickly” are vague."
"The infrastructure must support various platforms and devices, promoting seamless integration and user experience",True,1,“various platforms and devices” and “seamless integration” are vague.
"Additionally, the cloud setup will include an AI and machine learning platform to automate and optimize various business processes",False,0,
"This will aid in predictive analytics, customer service improvements, and operational efficiency",False,0,
"Another aspect is the implementation of an IoT (Internet of Things) framework, which will allow us to connect and manage various devices and sensors, streamlining operations across different company locations",False,0,
Cost-effectiveness is also a key consideration; the cloud strategy will incorporate tools for monitoring and optimizing resource usage to control expenses,True,1,“cost-effectiveness” and “optimizing resource usage” are vague.
Collaboration tools will be integrated into the cloud infrastructure to enhance teamwork and communication among employees,False,0,
"These tools will include file sharing, real-time editing, and video conferencing capabilities",False,0,
"For future readiness, the plan includes scalable architecture that can adapt to the growing needs of Blue Horizon Enterprises",True,1,“scalable architecture” and “growing needs” are vague.
"This scalability will ensure that as the company expands, the cloud infrastructure can seamlessly scale up without significant overhauls",True,1,“seamlessly scale up” is vague.
"Lastly, we aim to maintain compliance with relevant data protection and privacy regulations, ensuring that our cloud operations adhere to industry standards and legal requirements",False,0,
"This cloud infrastructure blueprint for Blue Horizon Enterprises represents a comprehensive, forward-thinking approach, geared towards enhancing operational efficiency, data management, and overall business growth in the digital age.",True,1,“comprehensive” and “forward-thinking” are vague.
"Skyward Innovations aims to establish a robust cloud infrastructure that supports scalable, secure, and efficient operations",True,1,"“robust,” “scalable,” “secure,” and “efficient” are vague."
"The primary goal is to ensure high availability of services, ensuring that critical applications are always operational with minimal downtime",True,1,“high availability” is a vague qualitative term.
"This involves setting up a multi-region deployment, leveraging cloud services that offer geographical redundancy",False,0,
"Load balancing is crucial, distributing traffic across multiple servers to prevent any single point of failure",False,0,
"Data security is paramount, so implementing advanced encryption protocols for both data at rest and in transit is a must",True,1,"""paramount"" and ""advanced"" are vague qualitative terms."
"This also includes strict access controls and identity management, ensuring that only authorized personnel can access sensitive data",False,0,
Regular security audits and compliance checks are planned to align with industry standards like GDPR and HIPAA,False,0,
Skyward Innovations also emphasizes the need for a scalable storage solution,True,1,"""scalable"" is a vague qualitative requirement."
The cloud setup should allow for easy scaling of storage resources to accommodate growing data needs without significant downtime or overhaul,True,1,"""easy scaling"" and ""significant downtime"" are vague."
"Automated backups and disaster recovery protocols are essential, ensuring data integrity and quick recovery in case of data loss",False,0,
"In terms of computing resources, the company seeks a pay-as-you-go model to optimize costs",False,0,
This includes auto-scaling capabilities that automatically adjust computing resources based on real-time demand,False,0,
There's an interest in exploring serverless architectures for certain applications to further optimize resource utilization and management,False,0,
Integration capabilities are also a priority,True,1,"""Integration capabilities"" is too vague."
"The cloud infrastructure should easily integrate with existing systems and third-party services, facilitating seamless data exchange and operational efficiency",True,1,"""easily"" and ""seamless"" are vague qualitative terms."
This includes API-driven architectures and support for various programming languages and frameworks,False,0,
Monitoring and analytics are crucial for ongoing performance assessment and optimization,False,0,
"Real-time monitoring of all cloud resources, with alerts and dashboards for quick overview and response, is expected",False,0,
"Additionally, advanced analytics tools for data-driven decision-making are desired to harness the power of big data",True,1,"""advanced"" and ""big data"" are vague qualitative terms."
Skyward Innovations also plans to foster a culture of continuous improvement and agile development,False,0,
"The cloud infrastructure should support DevOps practices, including continuous integration and continuous deployment (CI/CD) pipelines, to enable rapid development, testing, and deployment of applications",False,0,
"Finally, the company desires a user-friendly interface for managing the cloud infrastructure, ensuring that even team members with limited technical expertise can perform basic management tasks",False,0,
"Note that while focusing on cloud-specific goals, Skyward Innovations also plans to maintain a small on-premise presence for legacy applications that are not feasible to migrate immediately",False,0,
"This requires a hybrid cloud approach, ensuring compatibility and smooth operation between on-premise and cloud environments",False,0,
"Our cloud migration for FutureScape Innovations aims to establish a robust, scalable, and secure digital environment that supports our dynamic business needs while optimizing cost and enhancing performance",True,1,"robust, scalable, and secure are vague qualitative terms."
"We envision a multi-cloud strategy, primarily leveraging services from major providers like AWS, Azure, and Google Cloud, to avoid vendor lock-in and ensure a high level of flexibility and resource availability",True,1,high level of flexibility and resource availability is vague.
"Our primary goal is to migrate our existing on-premises data centers to the cloud, transforming our infrastructure into a more agile, scalable, and cost-effective model",True,1,"more agile, scalable, and cost-effective are vague qualitative terms."
"We seek to implement a hybrid cloud model, combining public and private clouds, ensuring sensitive data remains protected in our private cloud while enjoying the scalability of the public cloud for less critical applications",False,0,
"Key to our strategy is the adoption of Infrastructure as a Service (IaaS), enabling us to manage our network, storage, and compute resources more dynamically",False,0,
"We'll transition to a serverless architecture where feasible, to reduce the overhead of server management and pay only for the compute time we consume",False,0,
"Our cloud infrastructure will prioritize data security and compliance, integrating cutting-edge security measures and ensuring adherence to industry regulations like GDPR and HIPAA, as applicable",False,0,
Disaster recovery is a critical component; we'll establish a cloud-based disaster recovery plan to ensure business continuity with minimal downtime in the event of any unforeseen incidents,False,0,
This includes regular backups and a robust strategy to quickly restore services,True,1,robust strategy to quickly restore services is vague.
"We aim for high availability and load balancing to ensure our services are always accessible and performant, even under high traffic conditions",True,1,high availability and performant are vague qualitative terms.
We'll also focus on implementing advanced analytics and machine learning capabilities within our cloud infrastructure,True,1,“advanced” and “capabilities” are vague qualitative terms.
"This will allow us to gain insights from our data, enhancing decision-making and creating opportunities for innovation",False,0,
The integration of IoT devices is planned to streamline operations and gather valuable data for analytics purposes,False,0,
"In terms of cost management, we'll adopt a pay-as-you-go model, closely monitoring our cloud resource usage to optimize costs",False,0,
"We'll implement auto-scaling to ensure resources are automatically adjusted based on demand, preventing over-provisioning and under-utilization",False,0,
"Lastly, training our staff in cloud technologies and best practices is essential for a successful transition",False,0,
We'll set up training programs and workshops to ensure our team is well-equipped to handle the new cloud environment,False,0,
"Overall, our cloud strategy is aimed at making FutureScape Innovations a more agile, data-driven, and customer-focused company, capable of quickly adapting to changing market demands and technological advancements.",True,1,"“agile,” “data-driven,” and “customer-focused” are vague qualitative goals."
"GreenTech Innovations, a leader in sustainable energy solutions, aims to transition its IT infrastructure to a cloud-based model, envisioning a flexible, scalable, and secure environment that supports our dynamic workloads and growing data needs",True,1,"“flexible,” “scalable,” and “secure” are vague qualitative descriptors."
"Our primary objective is to establish a robust cloud architecture that enables seamless data migration from our existing on-premises servers, ensuring minimal disruption to our operations",True,1,“robust” and “seamless” are vague qualitative terms.
"This transition will cater to our increasing storage demands, particularly for our large datasets related to renewable energy research and customer data",False,0,
"We envision a multi-cloud strategy, leveraging services from major providers like AWS, Azure, and Google Cloud, to enhance redundancy and avoid vendor lock-in",False,0,
"This strategy should include a detailed plan for cloud storage, incorporating both hot and cold storage solutions to optimize cost and performance for different types of data",False,0,
"Another critical aspect is the implementation of a strong disaster recovery plan, ensuring business continuity in the event of any system failures or cyber threats",False,0,
This plan should include regular backups and a clear recovery strategy to maintain data integrity,False,0,
"Additionally, network security is paramount; we require advanced security protocols, including firewalls, encryption, and identity and access management systems, to protect sensitive data related to our clients and proprietary research",True,1,“advanced” and “security protocols” are vague qualitative terms.
"Given the nature of our work, compliance with environmental and data protection regulations, such as GDPR and local sustainability standards, is non-negotiable",False,0,
"We also seek to foster innovation through the adoption of cloud-native technologies, including serverless computing and containerization, to facilitate rapid development and deployment of our applications",False,0,
"This should support our agile development teams, allowing them to deploy updates and new features quickly and efficiently",True,1,“quickly and efficiently” is vague and lacks a clear measurable meaning.
"Monitoring and analytics capabilities are essential; we need comprehensive tools for real-time monitoring of our cloud resources, ensuring optimal performance and quick troubleshooting of any issues",True,1,"“comprehensive,” “optimal performance,” and “quick troubleshooting” are vague."
"In terms of cost management, we expect a detailed budgeting and reporting mechanism to track and optimize cloud spending",False,0,
"This includes the adoption of scalable pricing models that align with our usage patterns, ensuring we only pay for the resources we use",True,1,“scalable pricing models” is a vague qualitative phrase.
"Collaboration tools and integration capabilities are also important, as our teams are distributed globally, necessitating seamless communication and data sharing platforms",True,1,“seamless communication” and “integration capabilities” are vague.
"Lastly, we anticipate guidance and training for our staff to ensure a smooth transition to the cloud environment",False,0,
This includes workshops and resources to familiarize our teams with the new systems and best practices for cloud security and management,False,0,
Our aim is to create a cloud infrastructure that is not only robust and secure but also fosters a culture of innovation and collaboration within GreenTech Innovations.,True,1,“robust” and “secure” are vague qualitative requirements.
The Bidder shall be the Original Equipment Manufacturer (OEM) or an Authorized Business Partner / System Integrator of OEM Cloud Service Provider (CSP),False,0,
"The bidder should also include the necessary backup software for web servers, Database servers and any critical production workloadsx in the solution and pricing as well",True,5,“workloadsx” appears to be a typo obscuring the intended meaning.
The bidder should also include the necessary software and tools license cost to help customer protect important services by coordinating the automated replication and recovery of protected instances at a secondary location,False,0,
The Proposer shall provide to Transport Department the ability to unilaterally provision and de-provision all the specific IaaS services contemplated by the proposal via Web Portal and Web Services Application Programming Interface (“API”),False,0,
All the communication for these purposes should be secured at transport level using SSL / TLS and or SSH,True,1,“and or” makes the required transport security unclear.
The Proposer shall provide service availability (external connectivity) of at least 99.9% (measured as Total Uptime Hours / Total Hours within the month) for cloud services and virtual machines,False,0,
"Intelligent Data Platform: The cloud should include data warehouse, corporate BI, self-service BI, and machine learning capabilities for both structured & unstructured data and in onpremises, cloud, and hybrid environments",True,1,"“in onpremises, cloud, and hybrid environments” is unclear in scope."
"The CSP/ bidder should provide tools to empower operations teams to effortlessly collect, store and analyze log data from virtually any Windows Server and Linux source–regardless of volume, format or location",True,1,“virtually any” and “regardless of volume” are vague qualifiers.
"Separate the signal from the noise with simple, powerful log management tools and access real-time operational intelligence with improved troubleshooting, operational visibility and fast search to explore, investigate and fix incidents quickly",True,1,"“fast search” and “simple, powerful” are vague qualitative terms."
Service Provider should provide multi-factor authentication for accessing the cloud infrastructure and application,False,0,
"The CSP should have the capability to provide various other services like Database, Cache, Search, Analytics, Mobile Backend, Queues, Tables, Backup, Identity Management, CDN, Client Application Analytics as a Service on pay as you go mode backed by monthly SLAs of minimum 99.5% availability        ",False,0,
"The Proposer shall support SDKs for this APIs for at least Microsoft, Java and one major permissive free license development language, such as Python, PHP or Ruby",True,3,“Microsoft” is unclear as a supported SDK language or platform.
"In future, the Cloud platform, should provide authentication flows between Directory ( Active directory or LDAP or equivalent ) and Aadhaar Proxy Provider (APP)",False,0,
The platform should provide directory services to interact with it to authenticate users using their Aadhaar Id and validate various attributes about the user stored in the Aadhaar database,False,0,
Single Sign-on Authentication: Being able to offer Single Sign On is key among multiple cloud services and on-premises apps is key for employee productivity and IT management,True,4,Grammatical error makes the intended requirement hard to parse.
"The cloud should natively offers SSO among its cloud services, offers REST API for custom apps and federation and directory sync services with AD and other directories",True,4,“natively offers” is ungrammatical and obscures the requirement.
"The Proposer shall provide flexible IP addressing that will support: DHCP, IP address and port assignment on external (public) interfaces, dedicated VPN connectivity between Transport Department and the vendor and the ability to map Transport Department owned domains to provider services addresses allowing services, sites and applications operating in the Proposer infrastructure to be viewed as Transport Department URLs",True,2,The long list creates unclear attachment and scope of obligations.
The service will provide a mechanism to organize objects into containers that that can be located on one or several geographical locations to optimize network access,False,0,
"If Transport Department choses the DR, the provider will need to ensure 2 copies of data are also maintained on the DR side",False,0,
"The service provider should ensure data in transit from Transport Department location to cloud, within primary and DR and data at rest is encrypted",False,0,
"Service provider should be able to provide high IOPS storage (more than 50,000) per VM",False,0,
The instances should be able to support at least the following operating systems: Windows server 2012 and one Linux Enterprise distribution (such as Oracle/Ubuntu/CentOS/SUSE),False,0,
"The service will offer a secure Web administration interface, which must be provided to remotely administer the virtual instances: RDP for Windows instances and SSH for Linux instances",False,0,
The service will provide the ability to provision Block Storage capabilities for the virtual machine instances,False,0,
These storages can be dynamically scalable and Virtual Machine instances should be able to mount it as OS drives,True,3,"""it"" could refer to storages or virtual machine instances."
In cloud service provider should deploy VM such that every virtual core should be mapped to physical core,False,0,
No hyper threading or turbo boost allowed,False,0,
The Cloud service provider should be able to offer auto-scaling capabilities without manual interventions,False,0,
"CSP should support multiple OS - minimum are Windows, CentOS, debian, openSUSE, Ubuntu and RedHat Linux",False,0,
"CSP should provide support to diverse application platforms through marketplace solutions - minimum are Tomcat, WordPress, appfog, Chef, Chyrp, django, Drupal, git, Hadoop, JBoss, Joomla, Liferay, Magento, Mantis, Memcached, NGinx, OrchardCMS, Ruby on Rails, Subversion, SugarCRM, X2CRM, SUSE Linux Enterprise Server, etc",False,0,
"CSP should provide GUI, API and Shell script based access to the cloud resources",False,0,
"CSP should support multiple DB through marketplace solutions - minimum are MS SQL, MySQL, CouchDB, mongoDB",False,0,
The service should enable the creation of IPSEC VPNs between inhouse hosts and Virtual Machine Instances in the IaaS provider cloud,False,0,
CSP should be able to provide HW / SW based firewall per customer,False,0,
The service provider should provide an option of extending an MPLS to cloud,False,0,
The Proposer shall ensure availability of the following technical support 24*7 support over phone for cloud availability and service related queries from the cloud service provider,False,0,
"Option for purchase of specialized deep technical support (L3 or higher) related to deployment, configuration, management and commissioning of the cloud and IaaS services directly from the cloud services provider",False,0,
"General technical support related to usage of the cloud services to the end customer (can be provided by bidder himself) including setting up of SSO, Oracle DB (including setting up of Oracle Guard), NoSQL database etc",False,0,
The CSP should publish the history of service availability for all the services offered for a period of at least 3 months,False,0,
The CSP should be able to migrate the existing environment to the proposed cloud without any downtime and with no additional cost (The current environment being Azure ),False,0,
"The CSP should be able to provide capabilities of online store for thousands of certified, open source and community software applications, developer services and data—pre-configured for CSP environment",True,1,“online store” and “thousands” are vague and underspecified.
"Transport Department should be able to Download, deploy the marketplace solutions and should have options of BYOL/ Usagebased /monthly fee charging models",False,0,
CSP should either offer directly or via a partner managed services for 1 year which is extendable,True,3,Unclear whether extendable modifies services duration or the offer itself.
The managed services partner should have acquired Gold Certified partner program from CSP on cloud services,True,4,“acquired Gold Certified partner program” is grammatically unclear.
Physical controls are in place to prevent customer data from leaving Cloud datacenter premises,False,0,
"In particular, disk drives that are used for customer storage but must be removed (i.e., hardware failure) are securely erased prior to their being returned to the manufacturer for replacement/repair",False,0,
"In the event that a defective disk cannot be fully erased, it is destroyed according to NIST 800-88 guidelines",False,0,
The same is true for drives purposefully decommissioned,False,0,
Security solution in Cloud should be able to inspect traffic as it arrives or leaves the virtual network,False,0,
"Proposed solution should provide multi-layer security in cloud to handle incidents related to intrusion, botnets",True,1,“multi-layer security” is vague and not concretely defined.
Security solution should be in leaders’ quadrant of Gartner’s Enterprise Firewall segment,True,5,“leaders’ quadrant” depends on external Gartner context.
Solution should be manageable from centralized management in either datacenter or cloud,True,3,“from centralized management in either datacenter or cloud” has unclear scope.
The CSP should be able to publish the Cloud services rate card in the portal for all the services,False,0,
The CSP should have an option to pay for the cloud services through bank transfer post the invoices being charged on monthly basis,False,0,
The cloud compute services should be charged on hourly basis and customer should be able to auto scale up or down based on their usage using the self-service portal,False,0,
CSP should be able to offer discounts on the cloud services over the portal published pricing if customer decided to go with annual monetary commitments for cloud services,False,0,
"CSP should offer the pricing for cloud services support for minimum 1 year, extendable to 3 years as well",False,0,
AgriSETA is listed under Schedule 3 Part A of the PFMA as a public entity,False,0,
Enabling a skilled and prosperous Agricultural sector,False,0,
"The entity is enacted through the Skills Development Act of 1997 Chapter 3, Section 9",False,0,
"Various Legislations are also applicable in the business operations of the SETA, such as the following: Higher Education Act, 1997 (Act 101 of 1997) (HE Act), National Student Financial Aid Scheme Act, 1999 (Act No 56 of 1999) (NSFAS Act), National Qualifications Framework Act, 2008 (Act 67 of 2008) (NQF Act), Skills Development Levies Act, 1999 (Act 9 of 1999) (SDL Act), Public Finance Management Act, All related Regulations of this Acts, National Treasury Regulations, National Treasury Frameworks for Strategic Plans (SP) and Annual Performance Plans (APP)",True,4,Several acronyms and references are unclear or malformed.
"AgriSETA invites proposals from suitable qualified and experienced service providers that hold a Microsoft Azure Silver Partnership or more, to submit bid proposals for rendering Cloud Hosting (IaaS) and Backup Services for AgriSETA production servers for a period of twenty-four (24) months",False,0,
Prospective bidders are expected to submit proposals for the provision of Cloud Hosting and Backup services for a minimum number of six (6) on-premises virtual servers that are required to be migrated to the Microsoft Azure cloud,False,0,
"The migrated virtual servers will require backup services and the appointed service provider will be responsible for proposing a backup and restore solution, including deployment and configuration of the solution",False,0,
The contract is for a duration of twenty-four (24) months,False,0,
"Bidders must submit one (1) original, two (2) copies and one (1) soft copy (in a memory stick) of their bid proposal",False,0,
Price Proposals must be submitted in a separate envelope,False,0,
Documents must be clearly labelled as “Original” and “Copy”,False,0,
The bid proposal must be accompanied by the bidder’s company profile,False,0,
All SBD forms must be completed and signed,False,0,
"AgriSETA has taken a strategic decision to adopt and implement Cloud Service to provide computing, software and storage services whilst ensuring that system availability is maintained through provision of High Availability and granular virtual server backup and restore services",True,1,“High Availability” and “granular” are vague qualitative terms.
The Agricultural Sector Education and Training Authority (AgriSETA) servers are currently hosted and managed on its premises,False,0,
"AgriSETA servers are currently running on Microsoft Hyper-V, with backup system using Backup Exec",False,0,
AgriSETA requires suitably qualified and experienced Microsoft Azure Silver Partners to provide Microsoft Azure Cloud Hosting services for period of twenty-four (24) months,False,0,
The Microsoft Azure cloud hosting solution must include backup and restore services for the hosted virtual servers,False,0,
"The appointed service provider will be responsible for providing Cloud Hosting and Backup services, to AgriSETA, for a period of twenty-four (24) months",False,0,
The service provider will also be responsible for the migration and configuration of the on-premises virtual servers during the on-boarding project for the hosted environment,False,0,
The proposed cloud hosting solution must cater for an unmanaged Windows and Linux Ubuntu Operation Systems and make provision for scalable growth,True,1,“unmanaged” and “scalable growth” are vague qualitative terms.
AgriSETA ICT personnel will manage the virtual servers post deployment,False,0,
The hosted servers will be required to have capability for internet breakout through AgriSETA internet line,False,0,
This requires the prospective service providers to make provision for dedicated point-to-point 20 Mbps line connection between AgriSETA head office located in Pretoria - Arcadia and the hosting environment,False,0,
The solution is required to provide a logical firewall or similar protection service to ensure that only authorized traffic is allowed based on mutually agreed rules as defined by AgriSETA,False,0,
The hosted virtual servers must have unlimited inbound and outbound internet traffic,False,0,
"The solution must be covered by a 24x7x365 Service Level Agreement with clearly defined escalation paths, inclusive of all relevant, up-to-date contact information",False,0,
The additional 10 TB storage requirement must be quoted as an option,False,0,
The cloud services must be protected by firewall and the datacenters that will host the AgriSETA servers must be in South Africa and comply with POPIA,False,0,
All applications should be accessible anywhere through to the internet and the 20Mbps dedicated line that will be implemented,False,0,
The appointed service provider will be required to configure the proposed solutions for both the cloud hosting environment and backup and restore system that will be required to perform backups from the cloud,True,3,Unclear whether backup system is separate from or part of cloud hosting.
"Provision of 99.9% availability must be guaranteed for the hosted virtual servers with the datacentre having one or more secondary failover datacenters, should the primary data centre fail",False,0,
AgriSETA users must automatically be failed over to the secondary datacentre within a period of not exceeding four (4) hours,False,0,
"Complete, real-time monitoring of server environment and services",False,0,
"Usage reporting; threshold reporting on capacity; alerting of outages, service interruption, resource availability, capacity thresholds; Downtime monitoring; Monthly uptime reporting per workload; SLA reporting; Billing and usage reporting",False,0,
All Linux Ubuntu licenses and managed disks,True,3,Unclear whether licenses and managed disks are required or merely listed.
"All resources costing must be based on pay as you go (RAM, HDD, Storage, networking, logical firewalling)",False,0,
Connectivity: Internet breakout for the two virtual machines and point-to-point 20 Mbps line,True,3,Unclear whether one line or two separate connectivity requirements are intended.
Any additional costing as per vendor specification,True,5,Depends on unspecified vendor specification context.
The hosted virtual servers should only be billed for the time they are utilized,False,0,
"Any virtual servers that are switched off will only be billed for storage and not compute (processor, memory, licensing, etc)",False,0,
Costing must be on a resource use basis,False,0,
"Supplier should state if workloads are quoted per month or day, etc",False,0,
